fish_id,batch,strain,run,day,time_of_day,tank_pos,pct_top_full,pct_top_first10,pct_top_last10,mean_velocity,frame_row,pct_top_full_adj,pct_top_first10_adj,pct_top_last10_adj
11,1,5G,1,1,AM,3,0.6889382617794875,0.5864515629835965,0.7821079879575702,8.034124523317635,3,0.6990817774458755,0.6057624483835884,0.7873620740103315
11,1,5G,2,1,PM,6,0.4631221352669821,0.4838308573197152,0.44429602430995196,8.47657455251012,2,0.42775531471548867,0.4594474895146837,0.4016149699963687
11,1,5G,3,2,AM,1,0.4758577618605475,0.5268693902816467,0.4294835542050026,9.06650557961295,1,0.4303175049321357,0.46708134611714003,0.3876853851730442
11,1,5G,4,2,PM,7,0.3610215766901004,0.3327561126586197,0.3867174530823557,9.447483070255169,3,0.3711650923564885,0.3520669980586117,0.39197153913511706
11,1,5G,5,3,AM,2,0.5751392757660168,0.6358658310120706,0.5199333164514222,5.673966972964974,2,0.5397724552145233,0.6114824632070391,0.4772522621378389
11,1,5G,6,3,PM,5,0.7236289811498726,0.693831631073971,0.750717481218874,6.7213526252581275,1,0.6780887242214608,0.6340435869094643,0.7089193121869156
12,1,5G,1,1,AM,8,0.16365719146719238,0.1270589600742804,0.20025542286010434,5.213596399190186,4,0.2338738816713143,0.19044846740510768,0.2789512206122688
12,1,5G,2,1,PM,4,0.17314443976290617,0.1606553698545342,0.185633509671278,4.95882923109789,4,0.24336112996702808,0.22404487718536148,0.26432930742344246
12,1,5G,3,2,AM,5,0.37781646549056036,0.2093105849582173,0.531003629610872,6.190814321027755,1,0.33227620856214857,0.14952254079371063,0.48920546057891356
12,1,5G,4,2,PM,5,0.005693357503942398,0.0,0.010869137052981093,2.1631267453075367,1,-0.039846899424469395,-0.05978804416450667,-0.03092903197897734
12,1,5G,5,3,AM,7,0.6821157561890666,0.48824856617716983,0.8583586561998819,5.631326956688766,3,0.6922592718554548,0.5075594515771618,0.8636127422526433
12,1,5G,6,3,PM,2,0.27134935373096936,0.4750425564840607,0.08617371486452263,1.7782252721533793,2,0.23598253317947593,0.4506591886790292,0.043492660550939366
13,1,5G,2,1,PM,7,0.7344353804660212,0.6797593624264934,0.7841408514110464,7.917477238260405,3,0.7445788961324094,0.6990702478264854,0.7893949374638077
13,1,5G,3,2,AM,6,0.45977145930498586,0.6278814608480346,0.29166145776193697,5.83348017482227,2,0.42440463875349244,0.6034980930430032,0.2489804034483537
13,1,5G,4,2,PM,1,0.44068192454124777,0.44727715877437335,0.4340866903081221,4.989565340926331,1,0.395141667612836,0.3874891146098667,0.39228852127616365
13,1,5G,5,3,AM,3,0.24376022460980684,0.4040784586815227,0.09801637545370134,5.052117978518429,3,0.25390374027619494,0.4233893440815147,0.10327046150646269
13,1,5G,6,3,PM,4,0.5114970934210887,0.4192332095326524,0.5953733515014852,6.088785314679318,4,0.5817137836252106,0.4826227168634797,0.6740691492536497
14,1,5G,1,1,AM,4,0.744894382544104,0.7868043949241721,0.7029843701640359,5.668601105205194,4,0.8151110727482259,0.8501939022549994,0.7816801679162004
14,1,5G,2,1,PM,3,0.8629703320511121,0.840682451253482,0.8832320418671393,7.473017647240232,3,0.8731138477175002,0.859993336653474,0.8884861279199007
14,1,5G,3,2,AM,2,0.952848375718045,0.9449223194319119,0.9600538814327115,5.736415482898683,2,0.9174815551665516,0.9205389516268804,0.9173728271191283
14,1,5G,4,2,PM,2,0.8820661443159746,0.9432349104915876,0.8264581750654174,3.755516801645192,2,0.8466993237644812,0.9188515426865561,0.7837771207518341
14,1,5G,5,3,AM,8,0.6432900767858984,0.8111815227483752,0.4906614895472834,5.064937198291544,4,0.7135067669900204,0.8745710300792024,0.5693572872994479
14,1,5G,6,3,PM,8,0.7329260003669542,0.8231662024141133,0.642685798319795,4.8518246194345,4,0.8031426905710761,0.8865557097449406,0.7213815960719594
15,1,5G,2,1,PM,1,0.49798929166219263,0.6608666047663262,0.3499190070220711,5.796919234855143,1,0.45244903473378084,0.6010785606018195,0.3081208379901127
15,1,5G,3,2,AM,4,0.3694437075356296,0.3808348808418447,0.3590880954390704,5.990878084821443,4,0.4396603977397515,0.44422438817267196,0.43778389319123484
15,1,5G,4,2,PM,6,0.4044398756097921,0.2449822036521201,0.549401395571312,5.015381770312912,2,0.3690730550582987,0.22059883584708861,0.5067203412577287
15,1,5G,5,3,AM,5,0.5909153881298729,0.5243748065614361,0.6514068259193608,7.223883478726081,1,0.5453751312014611,0.4645867623969294,0.6096086568874024
15,1,5G,6,3,PM,3,0.45318840320929465,0.4649071494893221,0.441469656929267,6.180929621328511,3,0.46333191887568276,0.4842180348893141,0.4467237429820283
16,1,5G,1,1,AM,7,0.24429794697204166,0.004861111111111094,0.3313658872851074,7.976518865411922,3,0.25444146263842976,0.024171996511103078,0.33661997333786875
16,1,5G,2,1,PM,5,0.011970752089136338,0.0239415041782729,0.0,2.9557131400083394,1,-0.033569504839275455,-0.03584653998623377,-0.04179816903195843
16,1,5G,5,3,AM,6,0.03683733474819828,0.0,0.07032582088292405,8.509908182772014,2,0.001470514196704853,-0.024383367805031475,0.027644766569340784
16,1,5G,6,3,PM,7,0.15517752133351015,0.205732745280099,0.1092182268366112,6.646336370410161,3,0.16532103699989825,0.22504363068009098,0.11447231288937254
17,1,5G,2,1,PM,8,0.6438820472723126,0.4242949164345404,0.8035817787906925,6.488373662190395,4,0.7140987374764345,0.4876844237653677,0.882277576542857
17,1,5G,3,2,AM,7,0.4734677139193654,0.3598741212362383,0.5767346163585718,6.099697132313152,3,0.4836112295857535,0.3791850066362303,0.5819887024113332
17,1,5G,4,2,PM,3,0.46108052939529265,0.45234215413184764,0.4690245069075153,5.3856426449381924,3,0.47122404506168075,0.4716530395318396,0.47427859296027663
17,1,5G,5,3,AM,1,0.6475427775567052,0.7050054162797895,0.5953040150811739,7.08036743688635,1,0.6020025206282934,0.6452173721152829,0.5535058460492155
17,1,5G,6,3,PM,6,0.5430951892439796,0.6102097395664889,0.48208196167806205,3.7477981222783696,2,0.5077283686924862,0.5858263717614575,0.4394009073644788
18,1,5G,2,1,PM,2,0.7068789256649735,0.5524574435159393,0.8613004078140077,3.3438594481708415,2,0.67151210511348,0.5280740757109078,0.8186193535004245
18,1,5G,3,2,AM,3,0.6656347211074916,0.5672036521200867,0.7640657900948964,3.2676561729974893,3,0.6757782367738796,0.5865145375200786,0.7693198761476577
18,1,5G,5,3,AM,4,0.6497863078052405,0.6279828226555246,0.6715897929549564,3.3569837927905155,4,0.7200029980093624,0.6913723299863519,0.7502855907071209
18,1,5G,6,3,PM,1,0.6413489279378356,0.6055547818013,0.6771430740743715,2.434137291752143,1,0.5958086710094238,0.5457667376367933,0.635344905042413
21,2,AB,1,1,AM,1,0.508750792176976,0.07650727329000317,0.9016994457105878,7.263522768461588,1,0.46321053524856426,0.016719229125496504,0.8599012766786294
21,2,AB,2,1,PM,3,0.48939809287998715,0.3940498297740638,0.5760783320671901,4.084649790642895,3,0.49954160854637525,0.41336071517405576,0.5813324181199514
21,2,AB,3,2,AM,3,0.32544877746827605,0.3992742185082019,0.2583347401592526,4.546363663665454,3,0.33559229313466415,0.41858510390819387,0.26358882621201396
21,2,AB,4,2,PM,1,0.8261992148943926,0.829846022903126,0.8225524068856591,2.550382570872328,1,0.7806589579659808,0.7700579787386194,0.7807542378537007
21,2,AB,5,3,AM,5,0.847660940885175,0.8312271742494584,0.8640947075208913,4.420223040605449,1,0.8021206839567632,0.7714391300849517,0.8222965384889329
21,2,AB,6,3,PM,7,0.8360218103441148,0.7838344430101682,0.8834648715567935,5.212122080489226,3,0.8461653260105029,0.8031453284101602,0.8887189576095549
22,2,AB,1,1,AM,6,0.5709355794314012,0.6037132466728568,0.5411377001209869,8.938107455198182,2,0.5355687588799077,0.5793298788678253,0.4984566458074037
22,2,AB,2,1,PM,8,0.10400069637883003,0.02533658310120701,0.18266480965645315,6.158336712107742,4,0.17421738658295194,0.08872609043203428,0.2613606074086176
22,2,AB,3,2,AM,8,0.38915712369751376,0.42178737233054786,0.3594932613038462,8.853361027068445,4,0.4593738139016357,0.4851768796613751,0.43818905905601063
22,2,AB,4,2,PM,5,0.2114076262289759,0.17382930981120404,0.248985942646748,4.945838833285806,1,0.16586736930056412,0.11404126564669737,0.20718777361478957
22,2,AB,5,3,AM,2,0.15056174558960078,0.22857474466109573,0.07254874651810572,6.560166219863129,2,0.11519492503810735,0.20419137685606426,0.029867692204522456
22,2,AB,6,3,PM,5,0.23735243400981565,0.24357474466109563,0.23169578796319745,5.377361948591173,1,0.19181217708140386,0.18378670049658896,0.18989761893123902
23,2,AB,1,1,AM,7,0.4952292523323164,0.5699814298978645,0.42727272727272725,11.086916190552227,3,0.5053727679987046,0.5892923152978564,0.4325268133254886
23,2,AB,2,1,PM,4,0.8962485157335514,0.91669625840712,0.8778455473273395,3.599677556009752,4,0.9664652059376733,0.9800857657379473,0.956541345079504
23,2,AB,3,2,AM,1,0.6215501613830305,0.6149079232435779,0.6275885596916237,5.398046947020064,1,0.5760099044546187,0.5551198790790712,0.5857903906596653
23,2,AB,4,2,PM,6,0.5749059888579386,0.5544212318167749,0.5953907458991025,4.4691516853894715,2,0.5395391683064452,0.5300378640117435,0.5527096915855192
23,2,AB,5,3,AM,4,0.43213327732826345,0.5425742804085422,0.33173236543710083,7.982124221876234,4,0.5023499675323854,0.6059637877393694,0.4104281631892653
23,2,AB,6,3,PM,1,0.5600621214130963,0.49356778087279474,0.6205115219042796,6.2816100493347236,1,0.5145218644846845,0.43377973670828807,0.5787133528723212
24,2,AB,1,1,AM,4,0.6312795585079708,0.5368144328172184,0.7171569454995639,9.34326483949636,4,0.7014962487120927,0.6002039401480457,0.7958527432517284
24,2,AB,2,1,PM,5,0.7082810128074752,0.6406182296502632,0.7697926338594863,9.661552964024684,1,0.6627407558790634,0.5808301854857565,0.7279944648275278
24,2,AB,3,2,AM,4,0.5931400105693779,0.5983201795109874,0.5884307660770056,8.896068547944797,4,0.6633567007734998,0.6617096868418146,0.6671265638291701
24,2,AB,4,2,PM,2,0.6740228589114383,0.6749249458372022,0.6732027798880167,8.409537214253762,2,0.6386560383599449,0.6505415780321707,0.6305217255744334
24,2,AB,5,3,AM,8,0.6128613838944259,0.5877687328573411,0.6356728848372303,10.037821827279796,4,0.6830780740985478,0.6511582401881684,0.7143686825893947
24,2,AB,6,3,PM,2,0.5583613358682997,0.6027089136490251,0.5180453560676401,5.795232060148899,2,0.5229945153168063,0.5783255458439936,0.47536430175405686
25,2,AB,1,1,AM,3,0.9948335322987134,0.9986111111111111,0.9913993697419882,6.255737869021162,3,1.0049770479651015,1.017921996511103,0.9966534557947495
25,2,AB,2,1,PM,2,0.8652448011083109,0.9277414113277623,0.8084297009088096,7.162053373719293,2,0.8298779805568175,0.9033580435227309,0.7657486465952263
25,2,AB,3,2,AM,5,0.8572648155517236,0.8551926648096565,0.8591485889536029,6.732252309072666,1,0.8117245586233118,0.7954046206451498,0.8173504199216445
25,2,AB,4,2,PM,4,0.8608104523146306,0.8783960074280409,0.8448235840297122,5.018670698195952,4,0.9310271425187525,0.9417855147588682,0.9235193817818768
25,2,AB,5,3,AM,3,0.8435350989668539,0.8023754255648406,0.880952983877775,7.6708812115594736,3,0.853678614633242,0.8216863109648327,0.8862070699305363
25,2,AB,6,3,PM,6,0.8126320909050715,0.7752793252862891,0.8465891505585099,6.7359443732095485,2,0.7772652703535781,0.7508959574812576,0.8039080962449267
26,2,AB,1,1,AM,2,0.5712244476868432,0.4078141442277933,0.7197792690132523,8.892607625608704,2,0.5358576271353498,0.3834307764227618,0.677098214699669
26,2,AB,2,1,PM,7,0.3085871732981761,0.23563210447089278,0.374909963141161,9.36976165322168,3,0.3187306889645642,0.25494298987088476,0.3801640491939223
26,2,AB,3,2,AM,7,0.11427650292552816,0.012499999999999956,0.2068005964941897,11.45722028196309,3,0.12442001859191626,0.03181088539999194,0.21205468254695103
26,2,AB,4,2,PM,8,0.48110528953147336,0.6699930362116991,0.30938915618581353,8.539044064503656,4,0.5513219797355953,0.7333825435425264,0.388084953937978
26,2,AB,5,3,AM,7,0.5330806876300966,0.7184364820919122,0.36457541993753695,7.754738783221417,3,0.5432242032964847,0.7377473674919042,0.3698295059902983
26,2,AB,6,3,PM,4,0.5403369147101738,0.7447818012999071,0.3544779269013252,5.961199974383803,4,0.6105536049142957,0.8081713086307344,0.43317372465348963
27,2,AB,1,1,AM,8,0.7080831527906737,0.7394181367997524,0.6795968036915112,9.615677320351116,4,0.7782998429947956,0.8028076441305797,0.7582926014436757
27,2,AB,2,1,PM,6,0.794550927768198,0.8133356545961004,0.7774739033791959,8.612902684459403,2,0.7591841072167046,0.7889522867910689,0.7347928490656126
27,2,AB,3,2,AM,2,0.7158973338639077,0.6901385020117611,0.7393144537294956,6.5626466030106245,2,0.6805305133124143,0.6657551342067296,0.6966333994159123
27,2,AB,4,2,PM,7,0.6978533846221869,0.6382613741875581,0.7520279395627585,7.4668684334523885,3,0.7079969002885751,0.6575722595875502,0.7572820256155198
27,2,AB,5,3,AM,6,0.8241831365786798,0.7384029712163418,0.9021651050898962,9.333805984796683,2,0.7888163160271864,0.7140196034113103,0.859484050776313
27,2,AB,6,3,PM,3,0.8543672900915241,0.8354038997214485,0.8716067358825019,8.786697069030636,3,0.8645108057579123,0.8547147851214405,0.8768608219352633
28,2,AB,1,1,AM,5,0.725593173480024,0.7647639249084835,0.6899833994541515,7.807992663142086,1,0.6800529165516122,0.7049758807439769,0.6481852304221931
28,2,AB,2,1,PM,1,0.7562784631029756,0.8340699473847106,0.685558931937762,7.121119468487266,1,0.7107382061745638,0.774281903220204,0.6437607629058035
28,2,AB,3,2,AM,6,0.24745508540773165,0.060335035592695596,0.4175642216032188,7.952331131159649,2,0.21208826485623822,0.03595166778766412,0.37488316728963555
28,2,AB,4,2,PM,3,0.5129231698869582,0.4667486846177653,0.5548999746771335,8.314607997005119,3,0.5230666855533463,0.4860595700177573,0.5601540607298948
28,2,AB,5,3,AM,1,0.714276502925528,0.6522005571030641,0.7707091809459498,9.32590108298106,1,0.6687362459971162,0.5924125129385575,0.7289110119139913
28,2,AB,6,3,PM,8,0.4878929566255472,0.39942974311358703,0.5683140598182381,2.8393100783987926,4,0.5581096468296691,0.4628192504444143,0.6470098575704026
31,3,5G,1,1,AM,2,0.429112329411072,0.425816894297388,0.43240776452475616,5.95848350675836,2,0.3937455088595786,0.40143352649235653,0.3897267102111729
31,3,5G,2,1,PM,1,0.3329689825209934,0.19689763015065298,0.46904033489133345,3.3584858610897284,1,0.2874287255925816,0.1371095859861463,0.427242165859375
31,3,5G,3,2,AM,3,0.5109970841681735,0.49652294181368006,0.5215237331532596,6.248240046255841,3,0.5211405998345615,0.515833827213672,0.526777819206021
31,3,5G,4,2,PM,6,0.6305968224491901,0.4942463633549984,0.7545517852620918,7.41150668202594,2,0.5952300018976967,0.4698629955499669,0.7118707309485085
31,3,5G,5,3,AM,1,0.7328458681522748,0.6595009285051068,0.7995230860133368,7.958157389880068,1,0.687305611223863,0.5997128843406001,0.7577249169813783
31,3,5G,6,3,PM,3,0.6644452550441409,0.5534401114206128,0.7653590219746209,7.732037778962846,3,0.6745887707105289,0.5727509968206048,0.7706131080273823
32,3,5G,1,1,AM,7,0.5181126789624573,0.7162291358799657,0.33800680903744973,7.976062313582495,3,0.5282561946288453,0.7355400212799577,0.34326089509021107
32,3,5G,2,1,PM,6,0.8289918350503309,0.9549930362116992,0.7144452885399961,7.7648450156810735,2,0.7936250144988375,0.9306096684066677,0.6717642342264128
32,3,5G,3,2,AM,8,0.3511716850156962,0.48094939647168056,0.23319194732843762,8.251725479629537,4,0.4213883752198181,0.5443389038025078,0.3118877450806021
32,3,5G,4,2,PM,4,0.3844375911924658,0.6105555555555556,0.17887580540783887,6.305129451664364,4,0.4546542813965877,0.6739450628863829,0.2575716031600033
32,3,5G,5,3,AM,5,0.5574121973147043,0.6132660167130919,0.5066359978616246,6.136646873268814,1,0.5118719403862925,0.5534779725485852,0.4648378288296662
32,3,5G,6,3,PM,8,0.12239264322256282,0.184399956825813,0.06038532961931298,4.491811916152495,4,0.19260933342668474,0.24778946415664027,0.13908112737147743
33,3,5G,1,1,AM,3,0.45139865293068626,0.45796812132466735,0.44542640893615826,7.004014379644469,3,0.46154216859707436,0.47727900672465934,0.4506804949889196
33,3,5G,2,1,PM,7,0.45229399714079377,0.4834540389972146,0.42396668636222956,6.936545913403548,3,0.46243751280718187,0.5027649243972065,0.4292207724149909
33,3,5G,3,2,AM,4,0.5465804062262477,0.3609262501658044,0.7153569117357419,7.62340809600034,4,0.6167970964303696,0.42431575749663164,0.7940527094879064
33,3,5G,4,2,PM,7,0.5385060647595467,0.583294645620551,0.49778917306772463,7.578210402439522,3,0.5486495804259348,0.6026055310205429,0.503043259120486
33,3,5G,5,3,AM,6,0.41818322500773764,0.3878690807799443,0.44574153794209515,5.788950675534155,2,0.3828164044562442,0.36348571297491283,0.4030604836285119
33,3,5G,6,3,PM,1,0.5790504193011157,0.5924481584648716,0.566870656424974,5.58816452739792,1,0.5335101623727039,0.532660114300365,0.5250724873930156
34,3,5G,1,1,AM,8,0.592531797615363,0.6072988238935314,0.5791072282715737,8.970942717297866,4,0.6627484878194849,0.6706883312243587,0.6578030260237382
34,3,5G,2,1,PM,4,0.7115743984177426,0.6193279017964176,0.7954348498916745,6.96223034730369,4,0.7817910886218645,0.6827174091272449,0.8741306476438389
34,3,5G,3,2,AM,5,0.7929636261808963,0.8401702259362427,0.7500485354942179,7.315875445177515,1,0.7474233692524845,0.780382181771736,0.7082503664622595
34,3,5G,4,2,PM,3,0.7095157035268456,0.7592370783039307,0.6643144537294956,7.335854094469056,3,0.7196592191932336,0.7785479637039228,0.6695685397822569
34,3,5G,5,3,AM,2,0.8507892293407614,0.7704023522129372,0.9238682085478743,7.511686363884591,2,0.815422408789268,0.7460189844079057,0.8811871542342911
34,3,5G,6,3,PM,4,0.7114965144213056,0.7182977406375736,0.7053135814974256,7.419920368061585,4,0.7817132046254275,0.7816872479684008,0.7840093792495901
35,3,5G,1,1,AM,5,0.7611614213930699,0.7466583179232696,0.77566452486287,5.690616036234559,1,0.7156211644646581,0.686870273758763,0.7338663558309115
35,3,5G,2,1,PM,3,0.24748419330592042,0.019999999999999907,0.4542880054022115,2.839270800030765,3,0.2576277089723085,0.03931088539999189,0.4595420914549728
35,3,5G,3,2,AM,2,0.4978337225551711,0.5262626262626262,0.49214794181368005,5.221708614684872,2,0.4624669020036777,0.5018792584575947,0.4494668875000968
35,3,5G,4,2,PM,1,0.5073326722083954,0.5761752136752136,0.4948158464871558,4.537015404631499,1,0.4617924152799836,0.516387169510707,0.4530176774551974
35,3,5G,6,3,PM,5,0.18064974897095132,0.3996338111951815,0.09853072563686482,3.3202789194296156,1,0.13510949204253953,0.3398457670306748,0.05673255660490639
36,3,5G,1,1,AM,6,0.691530151055898,0.6912908916083309,0.6917476596445956,6.666703198086741,2,0.6561633305044046,0.6669075238032994,0.6490666053310123
36,3,5G,2,1,PM,2,0.608619027212342,0.36111111111111116,0.6536204665034748,6.002005040486443,2,0.5732522066608485,0.3367277433060797,0.6109394121898916
36,3,5G,3,2,AM,7,0.5072406208937742,0.5504664507773888,0.47187403280718054,7.111557223351082,3,0.5173841365601624,0.5697773361773808,0.4771281188599419
36,3,5G,4,2,PM,5,0.5898177660121714,0.5372896409188055,0.6327953229067436,6.651769136021562,1,0.5442775090837596,0.4775015967542988,0.5909971538747851
36,3,5G,5,3,AM,8,0.3162609983640624,0.31427112349117925,0.31806997552122906,6.952425156691458,4,0.3864776885681843,0.3776606308220065,0.3967657732733935
36,3,5G,6,3,PM,7,0.22850658059571727,0.18910012380068086,0.26433063222756814,6.3290533062635825,3,0.23865009626210537,0.20841100920067285,0.2695847182803295
37,3,5G,2,1,PM,8,0.06480191891055398,0.02692664809656453,0.07616450015475085,2.0297345905024207,4,0.1350186091146759,0.0903161554273918,0.1548602979069153
37,3,5G,3,2,AM,6,0.512151257903347,0.31744506344784895,0.6891568892265272,2.048142351418007,2,0.4767844373518536,0.2930616956428175,0.6464758349129439
37,3,5G,4,2,PM,8,0.24627505598339616,0.20068477251624872,0.27114248332911284,3.5755403193355555,4,0.3164917461875181,0.264074279847076,0.3498382810812773
37,3,5G,5,3,AM,7,0.15853200457433037,0.12445837202104604,0.19260563712761436,1.3092060564761545,3,0.16867552024071847,0.14376925742103802,0.1978597231803757
38,3,5G,1,1,AM,4,0.3199709163909845,0.4099627560521416,0.23816015306265992,3.0459887647612405,4,0.39018760659510643,0.4733522633829689,0.31685595081482437
38,3,5G,2,1,PM,5,0.0,,0.0,10.713835455765661,1,-0.04554025692841179,,-0.04179816903195843
38,3,5G,3,2,AM,1,0.19731197771587738,,0.19731197771587738,7.986944803626484,1,0.1517717207874656,,0.15551380868391895
38,3,5G,6,3,PM,6,0.2760933147632312,,0.2760933147632312,6.019944788048777,2,0.24072649421173775,,0.2334122604496479
41,4,AB,1,1,AM,5,0.05728581745294836,0.08722376973073354,0.030069497200416517,10.111793875479403,1,0.011745560524536569,0.027435725566226865,-0.011728671831541915
41,4,AB,2,1,PM,3,0.8102547469072267,0.7445201124234675,0.8700135055288258,2.8796680179310323,3,0.8203982625736148,0.7638309978234594,0.8752675915815872
41,4,AB,3,2,AM,2,0.26790762111096367,0.1250224388734138,0.39780324132691824,8.837742078333218,2,0.23254080055947024,0.10063907106838232,0.355122187013335
41,4,AB,4,2,PM,7,0.30624272302545275,0.34776849272670995,0.26849202329703725,9.652379307122732,3,0.31638623869184085,0.36707937812670194,0.2737461093497986
41,4,AB,5,3,AM,6,0.017474687182208237,0.015841070875889707,0.01895979291522465,8.821456314865808,2,-0.01789213336928519,-0.008542296929141768,-0.023721261398358617
41,4,AB,6,3,PM,1,0.6279749008857645,0.5462225317239245,0.7022952364874371,8.873410958088977,1,0.5824346439573527,0.48643448755941787,0.6604970674554786
42,4,AB,1,1,AM,2,0.8543547626416708,0.8318283813060972,0.8748332911285558,4.2049007546934805,2,0.8189879420901773,0.8074450135010657,0.8321522368149725
42,4,AB,2,1,PM,8,0.748462071303297,0.7548003714020428,0.7426999803044372,4.288637982060282,4,0.8186787615074189,0.8181898787328701,0.8213957780566017
42,4,AB,3,2,AM,7,0.7742445631920364,0.8255617455896007,0.7275925791942506,5.184225147269438,3,0.7843880788584245,0.8448726309895926,0.7328466652470119
42,4,AB,4,2,PM,5,0.9377116770570809,0.9505315691736305,0.9260572296783995,4.329224649013788,1,0.8921714201286691,0.8907435250091238,0.8842590606464411
42,4,AB,5,3,AM,4,0.887706053481168,0.9238146084803467,0.8515974984819894,3.5672817950186593,4,0.95792274368529,0.987204115811174,0.9302932962341539
42,4,AB,6,3,PM,6,0.7977855890112158,0.9733333333333334,0.6381967305365635,2.33462519818442,2,0.7624187684597223,0.9489499655283019,0.5955156762229802
43,4,AB,1,1,AM,4,0.029889353141442365,0.036944444444444335,0.022834261838440062,4.172927017119135,4,0.10010604334556428,0.1003339517752716,0.10153005959060452
43,4,AB,2,1,PM,4,0.15330761521569314,0.18537913958526764,0.12415168397062548,8.127319783086568,4,0.22352430541981505,0.2487686469160949,0.20284748172278994
43,4,AB,3,2,AM,3,0.5514255276658212,0.544744661095636,0.5581063942360064,3.4852671404877453,3,0.5615690433322094,0.5640555464956281,0.5633604802887677
43,4,AB,4,2,PM,1,0.9712623984908108,0.9886111111111111,0.955490841563265,2.7656422126052775,1,0.925722141562399,0.9288230669466044,0.9136926725313066
43,4,AB,5,3,AM,7,0.842311461879707,0.7191922005571031,0.9542380630820743,4.69212170216135,3,0.852454977546095,0.7385030859570951,0.9594921491348356
43,4,AB,6,3,PM,7,0.7484371996611772,0.7773792717117254,0.7247573225289103,4.3449593575999605,3,0.7585807153275652,0.7966901571117173,0.7300114085816717
44,4,AB,1,1,AM,8,0.09194570763813681,0.03127694859038144,0.14709912495427813,7.464304737846882,4,0.16216239784225872,0.0946664559212087,0.22579492270644258
44,4,AB,2,1,PM,5,0.22072113896626444,0.08874729186010533,0.3406973636082271,9.70586719195196,1,0.17518088203785265,0.028959247695598656,0.2988991945762687
44,4,AB,3,2,AM,8,0.04529889021532474,0.03726942123181676,0.05259840747305933,7.515611221819323,4,0.11551558041944665,0.10065892856264402,0.13129420522522378
44,4,AB,4,2,PM,2,0.31920384371637867,0.23018415351284438,0.4001308348105005,8.485462851921046,2,0.28383702316488524,0.2058007857078129,0.3574497804969172
44,4,AB,5,3,AM,3,0.2011252597603571,0.1770806251934387,0.2229840184575561,8.449553161762612,3,0.21126877542674521,0.19639151059343068,0.22823810451031745
44,4,AB,6,3,PM,4,0.13254336708375714,0.018363509749303453,0.2363432373878055,7.828586142684936,4,0.20276005728787905,0.08175301708013072,0.31503903513996995
45,4,AB,1,1,AM,3,0.08230245165754979,0.06294579533941236,0.09989941194676566,5.818194886075458,3,0.0924459673239379,0.08225668073940434,0.105153497999527
45,4,AB,2,1,PM,2,0.3529270018127957,0.36128443206437644,0.34532933794772225,4.441648880710551,2,0.31756018126130225,0.33690106425934496,0.302648283634139
45,4,AB,3,2,AM,5,0.3544192421629747,0.18407149489322205,0.5092808305900229,7.668036545528115,1,0.3088789852345629,0.12428345072871538,0.4674826615580645
45,4,AB,4,2,PM,6,0.38090042888093034,0.33978334880841854,0.4182795925832138,6.395290852665532,2,0.3455336083294369,0.31539998100338706,0.3755985382696305
45,4,AB,5,3,AM,1,0.4271052083677138,0.4278904516545263,0.42639135083424773,5.578893574526657,1,0.381564951439302,0.36810240749001966,0.3845931818022893
45,4,AB,6,3,PM,3,0.13981702554125963,0.09450092850510683,0.18101347739230744,5.2313323766703155,3,0.14996054120764774,0.11381181390509881,0.18626756344506878
46,4,AB,1,1,AM,7,0.3497701794122262,0.27990270638498826,0.41328606398244283,6.5851099733043945,3,0.3599136950786143,0.29921359178498025,0.4185401500352042
46,4,AB,2,1,PM,7,0.5255213629865441,0.3888896626431446,0.6497319996623618,5.3304884727452215,3,0.5356648786529321,0.4082005480431366,0.6549860857151232
46,4,AB,3,2,AM,6,0.47368277549336035,0.36152120086660466,0.5756478433358656,6.396826172673782,2,0.4383159549418669,0.3371378330615732,0.5329667890222823
46,4,AB,4,2,PM,4,0.31545003021326157,0.32458758898173934,0.3071431586055542,6.507038894007187,4,0.3856667204173835,0.3879770963125666,0.38583895635771864
46,4,AB,5,3,AM,5,0.39579077684927266,0.6157118539151966,0.19586252497115997,5.742607683854934,1,0.35025051992086087,0.5559238097506899,0.15406435593920154
46,4,AB,6,3,PM,2,0.43751492240350176,0.4362264004952028,0.43868630595650093,5.325458579364631,2,0.40214810185200833,0.4118430326901713,0.39600525164291767
47,4,AB,1,1,AM,6,0.17237613167746613,0.0794527363184081,0.2568519456402466,8.23780301068625,2,0.1370093111259727,0.055069368513376626,0.21417089132666334
47,4,AB,2,1,PM,6,0.37838130609718357,0.457572732900031,0.30638909991277685,7.74918985539695,2,0.34301448554569014,0.4331893650949995,0.2637080455991936
47,4,AB,3,2,AM,1,0.4273511075739488,0.3838455586505727,0.46690160659519997,7.421652820016372,1,0.381810850645537,0.324057514486066,0.42510343756324154
47,4,AB,4,2,PM,3,0.4113579755641038,0.4478296193129062,0.3782019357924651,7.863929084589591,3,0.4215014912304919,0.4671405047128982,0.3834560218452264
47,4,AB,5,3,AM,8,0.2813134662716835,0.3402352212937171,0.22774823443347136,7.093906451590338,4,0.35153015647580543,0.40362472862454435,0.3064440321856358
47,4,AB,6,3,PM,8,0.38589556528275193,0.2108743423088827,0.5450057679862694,7.545049871268377,4,0.45611225548687384,0.27426384963970996,0.6237015657384339
48,4,AB,1,1,AM,1,0.6598145200512889,0.6741860105230579,0.646749528713317,5.978820168656197,1,0.6142742631228771,0.6143979663585513,0.6049513596813586
48,4,AB,2,1,PM,1,0.6678908263192963,0.7300964526943554,0.6056851999442371,5.80270067945484,1,0.6223505693908845,0.6703084085298487,0.5638870309122787
48,4,AB,3,2,AM,4,0.4700262339538106,0.6107265552460539,0.3421168509608621,8.021514666375008,4,0.5402429241579325,0.6741160625768812,0.42081264871302654
48,4,AB,4,2,PM,8,0.5020025497044995,0.5892896935933148,0.4226506007146674,7.800478603144411,4,0.5722192399086214,0.6526792009241421,0.5013463984668318
48,4,AB,5,3,AM,2,0.7548031716555393,0.786696843082637,0.7258089249036325,7.3278661353249035,2,0.7194363511040459,0.7623134752776055,0.6831278705900492
48,4,AB,6,3,PM,5,0.7619762420598075,0.7436428350355928,0.7786429757181846,7.447612650659434,1,0.7164359851313957,0.6838547908710861,0.7368448066862262
51,5,5G,1,1,AM,3,0.49142932939192385,0.43007118539151956,0.5472094603013824,7.266123774017711,3,0.5015728450583119,0.44938207079151155,0.5524635463541437
51,5,5G,2,1,PM,3,0.4453687912800528,0.5607126276694522,0.3405107581987804,7.225977745785219,3,0.4555123069464409,0.5800235130694442,0.34576484425154175
51,5,5G,3,2,AM,1,0.46565783849906417,0.5618531414422779,0.37820756309614245,8.863079202031452,1,0.4201175815706524,0.5020650972777713,0.336409394064184
51,5,5G,4,2,PM,1,0.20315116947428913,0.2799535747446611,0.12634876420391739,4.877260126791222,1,0.15761091254587734,0.22016553058015442,0.08455059517195895
51,5,5G,5,3,AM,3,0.3864495661088304,0.24396858557722068,0.44344195832147426,4.630920664615928,3,0.3965930817752185,0.26327947097721266,0.4486960443742356
51,5,5G,6,3,PM,2,0.2525161751484871,0.37783194057567315,0.13859275203286348,7.526776614219462,2,0.2171493545969937,0.3534485727706417,0.09591169771928021
52,5,5G,1,1,AM,8,0.5202086188854992,0.6068825441039926,0.44141414141414137,7.9574259861881345,4,0.5904253090896211,0.6702720514348198,0.5201099391663058
52,5,5G,2,1,PM,8,0.24748972012203208,0.24127205199628599,0.2531421456908922,6.232381860755966,4,0.317706410326154,0.30466155932711325,0.33183794344305667
52,5,5G,3,2,AM,5,0.7006890097419345,0.6294444444444445,0.7654567963760165,6.486219063705655,1,0.6551487528135227,0.5696564002799378,0.7236586273440581
52,5,5G,4,2,PM,6,0.6760585695126086,0.6072175796966883,0.7386412875270814,7.332384830520869,2,0.6406917489611151,0.5828342118916569,0.6959602332134981
52,5,5G,5,3,AM,8,0.4943431194823953,0.47261606313834714,0.5140949888860753,6.820568251722358,4,0.5645598096865172,0.5360055704691744,0.5927907866382398
52,5,5G,6,3,PM,7,0.4373395381055548,0.39311900340451866,0.4775400241974058,6.983251534371796,3,0.4474830537719429,0.41242988880451065,0.48279411025016716
53,5,5G,1,1,AM,1,0.08125893501938075,0.068888888888889,0.092504431501646,3.514417228579103,1,0.03571867809096896,0.009100844724382329,0.05070626246968757
53,5,5G,2,1,PM,1,0.18810297563779454,,0.18810297563779454,6.414061779090409,1,0.14256271870938275,,0.1463048066058361
53,5,5G,3,2,AM,6,0.19167657777167857,0.1722639269076499,0.20932444219352309,6.369475043494728,2,0.15630975722018514,0.14788055910261844,0.16664338787993982
53,5,5G,4,2,PM,7,0.21958587830056175,0.1920628288455587,0.2446068323505649,7.012028021236417,3,0.22972939396694986,0.21137371424555068,0.24986091840332625
53,5,5G,5,3,AM,4,0.1744989020058657,0.2738556174558959,0.0841746152331111,4.7063547056477955,4,0.24471559220998762,0.3372451247867232,0.16287041298527555
53,5,5G,6,3,PM,3,0.2910108178214028,0.2018384401114206,0.3720766157395684,7.763348021930695,3,0.3011543334877909,0.2211493255114126,0.37733070179232975
54,5,5G,1,1,AM,4,0.45371844188000177,0.3701361807489941,0.5297023156354632,8.945478613254352,4,0.5239351320841237,0.4335256880798214,0.6083981133876277
54,5,5G,2,1,PM,4,0.08685759974060814,0.06805555555555554,0.10395036718156492,4.954319145525998,4,0.15707428994473005,0.1314450628863828,0.18264616493372937
54,5,5G,3,2,AM,2,0.4434636188118083,0.4688347260909935,0.4203989758307306,7.153860191838599,2,0.40809679826031486,0.44445135828596205,0.37771792151714734
54,5,5G,4,2,PM,4,0.14884181205101898,0.138699319096255,0.15621817056357445,6.861931689685334,4,0.2190585022551409,0.20208882642708226,0.2349139683157389
54,5,5G,5,3,AM,5,0.21501783319332068,0.22017796347879925,0.21032680566106743,6.416581145419313,1,0.1694775762649089,0.16038991931429258,0.168528636629109
54,5,5G,6,3,PM,8,0.19422116107352883,0.21792943361188488,0.17266818603865952,7.267300173535548,4,0.26443785127765074,0.28131894094271215,0.251363983790824
55,5,5G,1,1,AM,5,0.6371995254307232,0.8015645311049211,0.4877767929996343,7.378349044009592,1,0.5916592685023114,0.7417764869404144,0.44597862396767585
55,5,5G,2,1,PM,5,0.674151344226951,0.7080710306406686,0.6433152656690262,6.6504028440882355,1,0.6286110872985392,0.6482829864761619,0.6015170966370678
55,5,5G,3,2,AM,4,0.42124176504399347,0.47654828226555246,0.37096311302439433,7.371759002133909,4,0.4914584552481154,0.5399377895963797,0.4496589107765588
55,5,5G,4,2,PM,3,0.38544457708803126,0.49177112349117924,0.2887840803578965,7.185734808412446,3,0.39558809275441936,0.5110820088911712,0.29403816641065783
55,5,5G,5,3,AM,2,0.4814553212185525,0.5563656762612195,0.41335499845249146,7.714782318421294,2,0.4460885006670591,0.531982308456188,0.3706739441389082
55,5,5G,6,3,PM,5,0.5192473213364578,0.5887109254100897,0.45609859036042877,7.268017148430966,1,0.473707064408046,0.5289228812455831,0.41430042132847034
56,5,5G,1,1,AM,7,0.23666379272228866,0.29311822965026313,0.18534157733322065,6.257084690799484,3,0.24680730838867676,0.3124291150502551,0.190595663385982
56,5,5G,2,1,PM,7,0.16298396486418776,0.303081089445992,0.03562294251709297,6.402058282211334,3,0.17312748053057586,0.322391974845984,0.04087702856985431
56,5,5G,3,2,AM,8,0.7689525578104965,0.7959099350046426,0.7444458512703638,7.042236713527432,4,0.8391692480146185,0.8592994423354698,0.8231416490225283
56,5,5G,4,2,PM,2,0.7932683750863747,0.7610964877123372,0.8225155454264089,6.831844296964541,2,0.7579015545348813,0.7367131199073057,0.7798344911128257
56,5,5G,5,3,AM,7,0.6928091694740416,0.6935459597023582,0.6921393601755719,6.584339861366475,3,0.7029526851404297,0.7128568451023503,0.6973934462283332
56,5,5G,6,3,PM,6,0.8441386272862595,0.8306236459300527,0.8564249739737205,7.108240826951616,2,0.8087718067347661,0.8062402781250212,0.8137439196601373
57,5,5G,1,1,AM,2,0.8000157382668326,0.7907103064066853,0.8084752217760575,8.289815739068468,2,0.7646489177153392,0.7663269386016538,0.7657941674624742
57,5,5G,2,1,PM,2,0.5203154706636601,0.48070334261838454,0.5563264961593652,7.266445881267357,2,0.4849486501121667,0.45631997481335307,0.513645441845782
57,5,5G,3,2,AM,7,0.010303698545341966,0.017821881770349712,0.0027855153203342198,4.106665600814233,3,0.02044721421173007,0.037132767170341696,0.008039601373095562
57,5,5G,4,2,PM,8,0.009745004986416395,0.009739631692974315,0.00974930362116988,2.0047491967088025,4,0.0799616951905383,0.07312913902380158,0.08844510137333433
57,5,5G,5,3,AM,6,0.0696213025600213,0.12398251315382236,0.02020202020202011,3.410970923138781,2,0.034254482008527876,0.09959914534879089,-0.022479034111563156
57,5,5G,6,3,PM,1,0.050277777777777866,0.10055555555555562,0.0,1.9071362331205588,1,0.0047375208493660725,0.04076751139104895,-0.04179816903195843
58,5,5G,1,1,AM,6,0.7176303636361308,0.7631929121502022,0.684493964716806,8.503139297988712,2,0.6822635430846373,0.7388095443451708,0.6418129104032227
58,5,5G,2,1,PM,6,0.8264006384905488,0.8882757807548894,0.7870255479586956,7.996455385757691,2,0.7910338179390554,0.863892412949858,0.7443444936451123
58,5,5G,3,2,AM,3,0.25839154912971074,0.32117765397709686,0.20131327199572335,4.199046863866227,3,0.26853506479609884,0.34048853937708884,0.2065673580484847
58,5,5G,4,2,PM,5,0.2493787858690366,0.3756499535747446,0.13458681522748384,3.856211537299356,1,0.20383852894062482,0.31586190941023795,0.0927886461955254
58,5,5G,5,3,AM,1,0.7996411254071422,0.7670125348189415,0.8293034804873245,9.138719149296552,1,0.7541008684787304,0.7072244906544348,0.7875053114553661
58,5,5G,6,3,PM,4,0.27894430443176954,0.31746285979572886,0.2439274359190794,5.829375347813262,4,0.34916099463589145,0.3808523671265561,0.32262323367124385
61,6,AB,1,1,AM,5,0.30590746829934634,0.2162953460717718,0.3873730339607778,7.097525338401953,1,0.26036721137093455,0.15650730190726514,0.3455748649288194
61,6,AB,2,1,PM,6,0.33721315824379894,0.31565691736304546,0.3568097408626657,7.966690861903984,2,0.3018463376923055,0.291273549558014,0.31412868654908244
61,6,AB,3,2,AM,6,0.354554833384917,0.4175742804085423,0.29726442699980293,6.900679056462182,2,0.3191880128334236,0.3931909126035108,0.25458337268621967
61,6,AB,4,2,PM,5,0.3111579048208575,0.20356159083874958,0.40897273571368276,6.0898164103054935,1,0.2656176478924457,0.1437735466742429,0.3671745666817243
61,6,AB,5,3,AM,3,0.4521300349294778,0.457625348189415,0.44713429560226226,6.534730476177366,3,0.4622735505958659,0.476936233589407,0.4523883816550236
61,6,AB,6,3,PM,2,0.34503942215151195,0.2654517125472682,0.41739188542809713,5.324843514237967,2,0.3096726016000185,0.2410683447422367,0.37471083111451386
62,6,AB,1,1,AM,2,0.4565396972778588,0.3378659857629217,0.5644248895641653,6.630910224208432,2,0.4211728767263654,0.31348261795789023,0.521743835250582
62,6,AB,2,1,PM,4,0.0009259259259259967,0.0,0.0017676767676767513,7.882394945627984,4,0.07114261613004791,0.06338950733082727,0.0804634745198412
62,6,AB,3,2,AM,4,0.08626917805190804,0.040900649953574786,0.12751329450493787,7.332879532131087,4,0.15648586825602995,0.10429015728440205,0.20620909225710232
62,6,AB,4,2,PM,2,0.2881582437989123,0.21125889817393995,0.3580667398216145,6.850866685987152,2,0.2527914232474189,0.18687553036890847,0.31538568550803125
62,6,AB,5,3,AM,8,0.5175071111700638,0.698347260909935,0.3531069750429082,7.344303467471677,4,0.5877238013741857,0.7617367682407623,0.4318027727950727
62,6,AB,6,3,PM,7,0.5337493183593462,0.47811436087898485,0.584326552432402,7.725653727612537,3,0.5438928340257343,0.49742524627897683,0.5895806384851633
63,6,AB,1,1,AM,4,0.6262268393409,0.6200162488393686,0.6324374298424312,7.179122567926328,4,0.6964435295450219,0.6834057561701958,0.7111332275945956
63,6,AB,2,1,PM,7,0.6537630248633034,0.6721881770349738,0.6370128865254214,7.267453277250892,3,0.6639065405296916,0.6914990624349657,0.6422669725781828
63,6,AB,3,2,AM,7,0.4724952469381438,0.5415598885793871,0.4097092090824681,7.078939147467984,3,0.4826387626045319,0.560870773979379,0.41496329513522945
63,6,AB,4,2,PM,4,0.4082102080480936,0.4623166202414113,0.3541037958547756,6.005652681433894,4,0.4784268982522155,0.5257061275722386,0.43279959360694004
63,6,AB,5,3,AM,4,0.1627411534096772,0.24973228102754574,0.08365831012070568,4.959208057478916,4,0.23295784361379912,0.313121788358373,0.16235410787287013
63,6,AB,6,3,PM,3,0.5078458681522748,0.5823522129371712,0.4401128274387328,6.720146727884485,3,0.5179893838186629,0.6016630983371631,0.44536691349149415
64,6,AB,1,1,AM,8,0.492709240923234,0.48292988876144693,0.5015995610703131,6.690304110650012,4,0.5629259311273559,0.5463193960922742,0.5802953588224775
64,6,AB,2,1,PM,3,0.41782803495895415,0.39054472299597653,0.4426310458343884,7.909967776481277,3,0.42797155062534226,0.4098556083959685,0.44788513188714973
64,6,AB,3,2,AM,3,0.44801550456146566,0.5003891983905912,0.40040305562589684,7.309194344873421,3,0.45815902022785376,0.5197000837905832,0.4056571416786582
64,6,AB,4,2,PM,8,0.18033890436397404,0.23137109254100907,0.12930671618693912,4.539916863746285,4,0.25055559456809595,0.29476059987183634,0.20800251393910357
64,6,AB,5,3,AM,5,0.38167137753123037,0.39969621284034385,0.36528516361385444,6.377402231302093,1,0.3361311206028186,0.3399081686758372,0.323486994581896
64,6,AB,6,3,PM,8,0.18388893964326292,0.1826340323922061,0.18502976441695118,4.740119480090506,4,0.25410562984738483,0.24602353972303337,0.26372556216911563
65,6,AB,1,1,AM,3,0.011699164345403856,0.023398328690807824,0.0,3.0188643773041943,3,0.02184268001179196,0.04270921409079981,0.005254086052761342
65,6,AB,2,1,PM,1,0.6416077139614744,0.6090567935623646,0.671199459778847,5.549503899535246,1,0.5960674570330626,0.549268749397858,0.6294012907468886
65,6,AB,3,2,AM,1,0.42598193099585857,0.4436126586196225,0.40995399679243694,3.825986730089971,1,0.3804416740674468,0.38382461445511584,0.3681558277604785
65,6,AB,4,2,PM,3,0.3549910834033396,0.40732126276694525,0.30741819307278917,5.6394272036099595,3,0.3651345990697277,0.42663214816693723,0.3126722791255505
65,6,AB,5,3,AM,2,0.568727800621951,0.5853334880841844,0.5536317211108297,4.38029215833415,2,0.5333609800704576,0.5609501202791529,0.5109506667972464
65,6,AB,6,3,PM,5,0.7041171095488644,0.8308279170535439,0.5889254663627923,5.81202599332391,1,0.6585768526204526,0.7710398728890372,0.5471272973308339
66,6,AB,1,1,AM,7,0.9082018815628626,0.8519593273265796,0.9593314763231198,7.477731950426723,3,0.9183453972292508,0.8712702127265717,0.9645855623758811
66,6,AB,2,1,PM,5,0.9953574744661096,0.9902506963788301,1.0,6.593001421989633,1,0.9498172175376978,0.9304626522143234,0.9582018309680416
66,6,AB,3,2,AM,5,0.8759248205627036,0.9663416898792944,0.7937276666385301,7.807753727947222,1,0.8303845636342918,0.9065536457147877,0.7519294976065717
66,6,AB,4,2,PM,7,0.8913048444385492,0.9885902197462086,0.8028635941588588,7.996899738490658,3,0.9014483601049372,1.0079011051462006,0.8081176802116201
66,6,AB,5,3,AM,7,0.9041878527950952,0.9030075827917053,0.9052608255254495,7.090407565336324,3,0.9143313684614833,0.9223184681916974,0.9105149115782109
66,6,AB,6,3,PM,6,0.8596512947487878,0.9180145465800063,0.8065937930840438,6.2773890171536815,2,0.8242844741972943,0.8936311787749748,0.7639127387704605
67,6,AB,1,1,AM,6,0.20981034629884154,0.12847158176176698,0.2837546776961818,8.115002184534058,2,0.17444352574734812,0.10408821395673551,0.24107362338259852
67,6,AB,2,1,PM,8,0.440070048446491,0.45919452181986997,0.4226841635616009,8.660641211945672,4,0.5102867386506129,0.5225840291506972,0.5013799613137653
67,6,AB,3,2,AM,8,0.8409245994900592,0.9304890126895698,0.7595024056723222,8.37253417214321,4,0.9111412896941811,0.9938785200203971,0.8381982034244866
67,6,AB,4,2,PM,6,0.579596468732959,0.5996154441349428,0.561397400185701,8.529447762686015,2,0.5442296481814656,0.5752320763299114,0.5187163458721177
67,6,AB,5,3,AM,6,0.6112430177889787,0.714976013618075,0.5169402943079824,8.5814547821474,2,0.5758761972374853,0.6905926458130435,0.4742592399943991
67,6,AB,6,3,PM,1,0.8089291241101826,0.8250928505106778,0.7942348273824598,8.138396032735969,1,0.7633888671817708,0.7653048063461712,0.7524366583505013
68,6,AB,1,1,AM,1,0.6290060654407229,0.8131581722754098,0.4615950592273713,7.494355709614682,1,0.5834658085123111,0.7533701281109031,0.4197968901954129
68,6,AB,2,1,PM,2,0.7877665767637912,0.7347848963169298,0.8359317408063927,7.4586127508169735,2,0.7523997562122978,0.7104015285118983,0.7932506864928094
68,6,AB,3,2,AM,2,0.6760055120779355,0.694225471990096,0.6594419121577897,6.193397442469292,2,0.640638691526442,0.6698421041850645,0.6167608578442064
68,6,AB,4,2,PM,1,0.751294748787785,0.6497531723924481,0.8436052727835458,4.461974758489919,1,0.7057544918593732,0.5899651282279414,0.8018071037515874
68,6,AB,5,3,AM,1,0.7801859728217174,0.7385437462682249,0.8180425424158015,6.020231405594162,1,0.7346457158933056,0.6787557021037183,0.7762443733838431
68,6,AB,6,3,PM,4,0.4884548495969109,0.38814221603218824,0.5796481528375679,6.8760216376774705,4,0.5586715398010328,0.4515317233630155,0.6583439505897324
71,7,5G,1,1,AM,1,0.8330385698073721,0.876613277623027,0.7934251990658676,7.525715398600262,1,0.7874983128789603,0.8168252334585203,0.7516270300339092
71,7,5G,3,2,AM,7,0.8114020621157303,0.8014747756112659,0.8213293486201949,5.17945598398196,3,0.8215455777821183,0.8207856610112578,0.8265834346729563
71,7,5G,4,2,PM,3,0.7933681165062053,0.6642536478537284,0.9095711382934346,3.9880045367498353,3,0.8035116321725935,0.6835645332537204,0.914825224346196
71,7,5G,5,3,AM,6,0.8601898832120792,0.8175176331085855,0.895103542387665,6.6059083145192545,2,0.8248230626605858,0.793134265303554,0.8524224880740817
71,7,5G,6,3,PM,2,0.75385020357907,0.6624233983286908,0.8452770088294492,5.082756757926914,2,0.7184833830275765,0.6380400305236593,0.802595954515866
72,7,5G,1,1,AM,5,0.6333687049564487,0.5586505725781492,0.7012942798458119,7.929613840132772,1,0.5878284480280369,0.49886252841364254,0.6594961108138535
72,7,5G,2,1,PM,6,0.22298234366479486,0.3976942123181677,0.06415337216172867,4.26175086327727,2,0.18761552311330143,0.37331084451313623,0.021472317848145406
72,7,5G,3,2,AM,5,0.5636326866018437,0.45835886722376973,0.6689065059799179,4.4837649546210665,1,0.5180924296734319,0.39857082305926306,0.6271083369479594
72,7,5G,4,2,PM,8,0.07452837835846182,0.08090606623336427,0.06873048029036888,3.9730282415763094,4,0.14474506856258373,0.14429557356419154,0.14742627804253333
72,7,5G,5,3,AM,4,0.24697625258707634,0.3168028474156609,0.18349753001563585,4.562069124744268,4,0.31719294279119825,0.38019235474648816,0.2621933277678003
72,7,5G,6,3,PM,7,0.18487039616217893,0.13964029024381863,0.22187684645901917,5.577460397397904,3,0.19501391182856703,0.15895117564381062,0.22713093251178051
73,7,5G,1,1,AM,6,0.5510231770638092,0.53382466728567,0.5682216868419484,7.11245246184104,2,0.5156563565123158,0.5094412994806385,0.5255406325283651
73,7,5G,2,1,PM,7,0.23543094427495537,0.25599272670999684,0.21673841478855416,5.11469416698176,3,0.24557445994134347,0.2753036121099888,0.2219925008413155
73,7,5G,3,2,AM,1,0.5879025364401409,0.5535615908387497,0.6191215778959511,5.241017254348129,1,0.5423622795117291,0.493773546674243,0.5773234088639927
73,7,5G,4,2,PM,1,0.5751812795684663,0.5354425874342309,0.611307363326862,5.3796159942028625,1,0.5296410226400545,0.47565454326972423,0.5695091942949035
73,7,5G,5,3,AM,7,0.4206997686106321,0.4050402352212936,0.4349357080554852,8.041993221287978,3,0.4308432842770202,0.4243511206212856,0.44018979410824655
73,7,5G,6,3,PM,3,0.4834600816494967,0.4998204890126896,0.46858698404659405,7.382416884756897,3,0.4936035973158848,0.5191313744126815,0.4738410700993554
74,7,5G,1,1,AM,2,0.7864688803407467,0.694014237078304,0.8705185560338764,7.657720663936459,2,0.7511020597892533,0.6696308692732725,0.8278375017202931
74,7,5G,2,1,PM,4,0.3293131272936286,0.22307954193748059,0.425889113981036,5.076218251489631,4,0.3995298174977505,0.28646904926830785,0.5045849117332004
74,7,5G,3,2,AM,2,0.5734448843917489,0.4865165583410709,0.6603732104424269,5.677900801652863,2,0.5380780638402555,0.4621331905360394,0.6176921561288437
74,7,5G,4,2,PM,4,0.010168449892719145,0.03674279820880788,0.0005050505050505638,3.68305865928052,4,0.08038514009684106,0.10013230553963515,0.07920084825721502
74,7,5G,5,3,AM,3,0.4667026057942717,0.5198828380325973,0.43286063982442813,4.8613661622221835,3,0.4768461214606598,0.5391937234325892,0.43811472587718947
74,7,5G,6,3,PM,8,0.19994362647565989,0.15046425255338902,0.24492487549590614,6.976713999288501,4,0.2701603166797818,0.2138537598842163,0.3236206732480706
75,7,5G,1,1,AM,4,0.38483820446760475,0.22229439836989928,0.5326053009200642,7.477631233744588,4,0.45505489467172666,0.28568390570072655,0.6113010986722287
75,7,5G,2,1,PM,3,0.17588760666755088,0.06647477561126602,0.27535381671871917,6.863114871129803,3,0.18603112233393898,0.08578566101125801,0.2806079027714805
75,7,5G,3,2,AM,6,0.3384706931364313,0.3030849582172702,0.37063954306294145,9.782598224682463,2,0.3031038725849379,0.27870159041223874,0.3279584887493582
75,7,5G,4,2,PM,5,0.3488047339022269,0.31332404828226557,0.38105990264764644,7.81056070697844,1,0.3032644769738151,0.2535360041177589,0.339261733615688
75,7,5G,5,3,AM,1,0.3861105791550604,0.4414856081708449,0.3307355501392758,5.3327460937797095,1,0.3405703222266486,0.38169756400633825,0.28893738110731737
75,7,5G,6,3,PM,5,0.4344475394614672,0.34399566697616835,0.5166765144481023,7.998602928412003,1,0.3889072825330554,0.2842076228116617,0.4748783454161438
76,7,5G,1,1,AM,8,0.3902717652717653,0.32800927098280863,0.4468740328071804,7.368213283183448,4,0.46048845547588724,0.3913987783136359,0.5255698305593448
76,7,5G,2,1,PM,2,0.4423478112973961,0.38849480952019455,0.4864093582060156,7.859735082346373,2,0.40698099074590266,0.3641114417151631,0.44372830389243234
76,7,5G,3,2,AM,4,0.44053789843779245,0.3295322484340035,0.5414521257139642,8.190959550429298,4,0.5107545886419144,0.3929217557648308,0.6201479234661287
76,7,5G,4,2,PM,7,0.4461099110024698,0.40284432064376363,0.4854422658740206,9.104401428599227,3,0.4562534266688579,0.4221552060437556,0.49069635192678196
76,7,5G,5,3,AM,5,0.6116818469882537,0.686089445991953,0.544038575166709,8.657077165020942,1,0.5661415900598419,0.6263014018274463,0.5022404061347505
76,7,5G,6,3,PM,6,0.9469982545788356,0.9986087898483442,0.9000795861520097,7.3090499340479465,2,0.9116314340273421,0.9742254220433127,0.8573985318384264
77,7,5G,1,1,AM,7,0.8594000088429058,0.8070953265242959,0.9069497200416421,7.292174752161604,3,0.869543524509294,0.8264062119242879,0.9122038060944034
77,7,5G,2,1,PM,8,0.6027441697064702,0.593338584300641,0.6112947018935877,7.158550924545926,4,0.6729608599105921,0.6567280916314683,0.6899904996457522
77,7,5G,3,2,AM,3,0.5808296856346996,0.7136660476632621,0.46006935651782455,6.345285006287365,3,0.5909732013010878,0.7329769330632541,0.4653234425705859
77,7,5G,4,2,PM,2,0.6873369589247027,0.5325317239244816,0.8280689907430855,8.291309115139772,2,0.6519701383732093,0.5081483561194501,0.7853879364295022
77,7,5G,5,3,AM,8,0.6769848205453646,0.7349527099604931,0.624286739258884,7.219810962262877,4,0.7472015107494865,0.7983422172913204,0.7029825370110485
77,7,5G,6,3,PM,1,0.7176603511522825,0.8490737383482985,0.5981936355195409,8.392822524542968,1,0.6721200942238708,0.7892856941837918,0.5563954664875824
78,7,5G,1,1,AM,3,0.6027249308884804,0.5646757969668833,0.637315052635387,8.359951104730712,3,0.6128684465548686,0.5839866823668753,0.6425691386881484
78,7,5G,2,1,PM,5,0.7018522203062594,0.6621727019498608,0.7379245097211671,7.399577855807743,1,0.6563119633778476,0.6023846577853541,0.6961263406892086
78,7,5G,3,2,AM,8,0.5451307170964952,0.4870597338285362,0.5979225200673669,9.789381940951664,4,0.6153474073006171,0.5504492411593634,0.6766183178195313
78,7,5G,4,2,PM,6,0.5556355101619727,0.4945783039306717,0.611142061281337,8.214702519111727,2,0.5202686896104792,0.47019493612564023,0.5684610069677537
78,7,5G,5,3,AM,2,0.4814929035681126,0.6499203033116683,0.32837708561942547,5.421290129963993,2,0.44612608301661916,0.6255369355066368,0.2856960313058422
78,7,5G,6,3,PM,4,0.41277247203431056,0.34082327452801,0.4781808334036747,6.7103590303739455,4,0.48298916223843247,0.40421278185883724,0.5568766311558391
81,8,AB,1,1,AM,3,0.3053370620919369,0.06417749922624583,0.5245730283334741,9.36421465853833,3,0.315480577758325,0.08348838462623781,0.5298271143862354
81,8,AB,2,1,PM,1,0.5212439757704381,0.5717246982358404,0.4753524098927998,7.388661175585218,1,0.47570371884202634,0.5119366540713337,0.4335542408608414
81,8,AB,3,2,AM,3,0.4918674743187279,0.4425920767564222,0.5366632902844601,5.812418666430993,3,0.502010989985116,0.4619029621564142,0.5419173763372215
81,8,AB,4,2,PM,7,0.15516683615569415,0.18573970906839998,0.12737331532596163,7.5856260472698995,3,0.16531035182208226,0.20505059446839197,0.13262740137872298
81,8,AB,5,3,AM,5,0.4023929534673665,0.27528054118583367,0.5179496919051237,6.790393312860981,1,0.3568526965389547,0.215492497021327,0.4761515228731653
81,8,AB,6,3,PM,1,0.6496569689466625,0.6697137109254101,0.6314235671478011,5.722996993269613,1,0.6041167120182507,0.6099256667609034,0.5896253981158427
82,8,AB,1,1,AM,8,0.41366347613860543,0.37569986574861225,0.44817584922041753,9.757550367852238,4,0.48388016634272735,0.4390893730794395,0.526871646972582
82,8,AB,2,1,PM,6,0.6301847851489714,0.6009935004642526,0.656722316680534,9.93743112018421,2,0.5948179645974779,0.5766101326592211,0.6140412623669508
82,8,AB,3,2,AM,8,0.3295124611280601,0.29857551841535135,0.35763695450324984,9.839120500137113,4,0.399729151332182,0.3619650257461786,0.4363327522554143
82,8,AB,4,2,PM,5,0.561930922167691,0.5066125038687713,0.6122203933485271,9.80813407781238,1,0.5163906652392792,0.44682445970426465,0.5704222243165686
82,8,AB,5,3,AM,2,0.43272648892426047,0.4991140513772827,0.3723741594215132,9.832556626553346,2,0.39735966837276704,0.47473068357225123,0.32969310510792993
82,8,AB,6,3,PM,5,0.6043923449912307,0.5893701640359023,0.6180488731324386,9.779792278258515,1,0.5588520880628189,0.5295821198713956,0.5762507041004802
83,8,AB,1,1,AM,1,0.6685347305124464,0.7555640668523678,0.5894171520216089,7.676308531457475,1,0.6229944735840346,0.6957760226878611,0.5476189829896505
83,8,AB,2,1,PM,7,0.3681561172906179,0.45871556793562374,0.28582934397697635,6.915088012594846,3,0.378299632957006,0.4780264533356157,0.2910834300297377
83,8,AB,3,2,AM,4,0.003439153439153464,0.0,0.0065656565656566634,3.8889215862925295,4,0.07365584364327538,0.06338950733082727,0.08526145431782112
83,8,AB,5,3,AM,4,0.2812099246688845,0.36533116682141764,0.1970886825163518,4.895727265837757,4,0.3514266148730064,0.4287206741522449,0.27578448026851626
83,8,AB,6,3,PM,6,0.36255103093543206,0.3850874342308883,0.34206339157592636,6.342433388321005,2,0.32718421038393863,0.36070406642585684,0.2993823372623431
84,8,AB,2,1,PM,4,0.029394924172082892,0.0,0.037411721673560105,3.3420581281814186,4,0.0996116143762048,0.06338950733082727,0.11610751942572456
84,8,AB,3,2,AM,5,0.03568645656962888,0.0,0.05515179651669899,9.564077802306672,1,-0.009853800358782916,-0.05978804416450667,0.01335362748474056
84,8,AB,4,2,PM,2,0.14590868225965725,0.17380145465800056,0.12055161644298129,5.690097180372216,2,0.11054186170816382,0.1494180868529691,0.07787056212939802
84,8,AB,5,3,AM,8,0.11280168520518696,0.07870031392315524,0.14380293182521597,4.8541755177472545,4,0.18301837540930888,0.1420898212539825,0.22249872957738043
84,8,AB,6,3,PM,2,0.3066841314055798,0.22993423088826992,0.37645676823949803,6.107824411980208,2,0.2713173108540864,0.20555086308323844,0.33377571392591476
85,8,AB,1,1,AM,5,0.4139765768979252,0.16399101575676645,0.6412361779353424,5.914375285095269,1,0.3684363199695134,0.10420297159225977,0.599438008903384
85,8,AB,2,1,PM,3,0.21378830083565448,0.10883627359950476,0.30919923468669985,5.093931781684612,3,0.22393181650204258,0.12814715899949675,0.3144533207394612
85,8,AB,3,2,AM,2,0.2302482645797409,0.21272129371711546,0.24618187445485507,5.599803787944905,2,0.19488144402824747,0.18833792591208398,0.2035008201412718
85,8,AB,4,2,PM,6,0.2021053484841786,0.23542788610337362,0.17181213246672866,4.588454543104833,2,0.16673852793268518,0.21104451829834214,0.1291310781531454
85,8,AB,5,3,AM,3,0.3971883244167367,0.4286962240792326,0.3685447792690133,5.879432869463364,3,0.4073318400831248,0.44800710947922456,0.37379886532177464
85,8,AB,6,3,PM,4,0.1921138966264314,0.11764314453729496,0.26658464871556786,5.048361058017885,4,0.2623305868305533,0.18103265186812223,0.3452804464677323
86,8,AB,2,1,PM,2,0.19820275734272952,0.0743082636954503,0.32209725099000863,5.629063123572957,2,0.1628359367912361,0.04992489589041882,0.27941619667642537
86,8,AB,3,2,AM,7,0.054855123726989974,0.0,0.10472341802425378,2.6064898477997707,3,0.06499863939337808,0.019310885399991984,0.10997750407701512
86,8,AB,4,2,PM,4,0.8960214293083374,0.7816450015475085,1.0,1.867111459677552,4,0.9662381195124593,0.8450345088783358,1.0786957977521645
86,8,AB,6,3,PM,8,0.9931944444444445,1.0,0.9863888888888889,5.270060419124624,4,1.0634111346485664,1.0633895073308273,1.0650846866410535
87,8,AB,1,1,AM,2,0.567921569742103,0.41588130609718355,0.7061399912374843,7.959127375495988,2,0.5325547491906095,0.39149793829215207,0.663458936923901
87,8,AB,2,1,PM,8,0.20260792029594243,0.296936706901888,0.11685447792690129,5.7356440022265645,4,0.27282461050006435,0.36032621423271527,0.19555027567906574
87,8,AB,3,2,AM,6,0.1611030051141471,0.14348498916744035,0.17711938324751697,7.66983830237245,2,0.12573618456265367,0.11910162136240887,0.1344383289339337
87,8,AB,4,2,PM,3,0.19600704116372625,0.3041759517177345,0.08783813060971846,4.5940277085569186,3,0.20615055683011435,0.32348683711772647,0.0930922166624798
87,8,AB,5,3,AM,6,0.5108730895638974,0.5910221293717115,0.4380103261022481,6.685822507872596,2,0.475506269012404,0.56663876156668,0.39532927178866484
87,8,AB,6,3,PM,7,0.32387179260438315,0.3467138656762613,0.3031062716299485,6.109801917368093,3,0.33401530827077125,0.36602475107625326,0.30836035768270986
88,8,AB,1,1,AM,6,0.6199701309133419,0.761179769501738,0.49159773219661806,5.003924660867498,2,0.5846033103618484,0.7367964016967066,0.4489166778830348
88,8,AB,2,1,PM,5,0.434459548022865,0.5488166138316128,0.3304985791058215,3.627708119392943,1,0.3889192910944532,0.48902856966710617,0.28870041007386305
88,8,AB,3,2,AM,1,0.31445432397657314,0.3707688126318309,0.26325933428997494,3.883279381861107,1,0.26891406704816134,0.31098076846732425,0.2214611652580165
88,8,AB,4,2,PM,8,0.38522129371711555,0.5945945527700403,0.19488196730536567,3.6855992444978662,4,0.45543798392123747,0.6579840601008675,0.2735777650575301
88,8,AB,6,3,PM,3,0.38121092541008983,0.46322191272052005,0.2991999380996596,3.5685182782920997,3,0.39135444107647793,0.48253279812051203,0.30445402415242095
91,9,5G,1,1,AM,2,0.5943751750158435,0.539588362735995,0.644181367997524,7.56072953045844,2,0.55900835446435,0.5152049949309635,0.6015003136839407
91,9,5G,2,1,PM,7,0.41093093690586735,0.45637728257505417,0.3696160772066063,7.695507624421435,3,0.42107445257225545,0.47568816797504615,0.3748701632593676
91,9,5G,3,2,AM,3,0.39904017626858845,0.410406994738471,0.3887067049323316,7.949740229557121,3,0.40918369193497656,0.42971788013846296,0.39396079098509296
91,9,5G,4,2,PM,1,0.19329736817414156,0.21332257879939354,0.17327215754888958,7.337850525251964,1,0.14775711124572977,0.15353453463488687,0.13147398851693115
91,9,5G,5,3,AM,3,0.1507630690778322,0.08756499535747453,0.20821586336906672,7.736178956342805,3,0.16090658474422032,0.10687588075746651,0.21346994942182806
91,9,5G,6,3,PM,6,0.14437189224151514,0.14817703497369228,0.1405667495093379,6.339001526076794,2,0.10900507169002172,0.1237936671686608,0.09788569519575463
92,9,5G,1,1,AM,7,0.727840046572637,0.7690993500464253,0.6903315888691933,9.504594137432017,3,0.7379835622390252,0.7884102354464173,0.6955856749219547
92,9,5G,2,1,PM,5,0.6316270423996092,0.6622798566431939,0.603760847632714,8.36309757125015,1,0.5860867854711974,0.6024918124786872,0.5619626786007555
92,9,5G,3,2,AM,8,0.5034368690218273,0.47949495954370613,0.5121430179229622,8.239331355892993,4,0.5736535592259492,0.5428844668745334,0.5908388156751267
92,9,5G,4,2,PM,6,0.31539807814181076,0.21709145775301775,0.40476773304071356,5.031193891807939,2,0.28003125759031733,0.19270808994798627,0.3620866787271303
92,9,5G,5,3,AM,8,0.5517111022682053,0.6925309501702259,0.4236930587209138,6.250764757453768,4,0.6219277924723272,0.7559204575010532,0.5023888564730783
92,9,5G,6,3,PM,4,0.20533337754786218,0.039504797276385006,0.3560866323401143,4.785844474652064,4,0.2755500677519841,0.10289430460721227,0.43478243009227874
93,9,5G,1,1,AM,3,0.5123255368380717,0.343180129990715,0.6660940885174869,6.915923563776356,3,0.5224690525044597,0.362491015390707,0.6713481745702482
93,9,5G,2,1,PM,1,0.2730099620302955,0.1630787681832251,0.382941155877366,4.270292310633104,1,0.2274697051018837,0.10329072401871842,0.34114298684540756
93,9,5G,3,2,AM,1,0.47119497133424715,0.46189182915506033,0.47965237331532595,5.245677430288593,1,0.42565471440583535,0.40210378499055366,0.4378542042833675
93,9,5G,4,2,PM,7,0.07365134633240478,0.09841380377592068,0.04888888888888887,2.5665392826160423,3,0.08379486199879288,0.11772468917591267,0.05414297494165021
93,9,5G,5,3,AM,4,0.22698959312730493,0.19934385639121,0.25463532986339943,5.880434790070413,4,0.29720628333142685,0.26273336372203726,0.3333311276155639
93,9,5G,6,3,PM,7,0.24934120351947653,0.18100742804085423,0.3114628175909513,8.329582048790769,3,0.25948471918586463,0.20031831344084622,0.31671690364371263
94,9,5G,1,1,AM,8,0.6935328882404092,0.8362264004952027,0.5638115134633241,10.813039978292519,4,0.7637495784445311,0.89961590782603,0.6425073112154887
94,9,5G,2,1,PM,2,0.4932362824424106,0.5607203652120087,0.4318871162882304,8.028442060259172,2,0.45786946189091715,0.5363369974069773,0.38920606197464713
94,9,5G,3,2,AM,4,0.4864049771727057,0.5235875613167826,0.4526026279508174,11.303018258560048,4,0.5566216673768276,0.5869770686476099,0.5312984257029818
94,9,5G,4,2,PM,4,0.5853513581229459,0.6327638502011761,0.542249092597282,8.623437871705306,4,0.6555680483270678,0.6961533575320034,0.6209448903494466
94,9,5G,5,3,AM,5,0.6551859957848816,0.6809586815227484,0.63175628147773,7.6105674926812314,1,0.6096457388564698,0.6211706373582417,0.5899581124457716
94,9,5G,6,3,PM,3,0.5558853222502248,0.5244351593933767,0.584476379392814,7.698605358784779,3,0.566028837916613,0.5437460447933686,0.5897304654455754
95,9,5G,1,1,AM,5,0.3790253644014089,0.41553156917363054,0.3458379055175712,9.841976151431052,1,0.3334851074729971,0.3557435250091239,0.3040397364856128
95,9,5G,2,1,PM,6,0.17634928004008799,0.17739554317548745,0.17539813173517915,7.82040905552496,2,0.14098245948859456,0.15301217537045597,0.13271707742159589
95,9,5G,3,2,AM,5,0.09550796966883335,0.004321847381271615,0.17011479699501986,9.829737977838498,1,0.049967712740421555,-0.055466196783235056,0.12831662796306142
95,9,5G,4,2,PM,3,0.3482546314719016,0.2478218817703498,0.43955713120058515,9.15065615391403,3,0.3583981471382897,0.2671327671703418,0.4448112172533465
95,9,5G,5,3,AM,2,0.1705903376516189,0.10068477251624874,0.23414085141104646,8.771908699824351,2,0.13522351710012548,0.07630140471121727,0.1914597970974632
95,9,5G,6,3,PM,1,0.31053963832515363,0.2385817084493964,0.37595593821220563,8.394542277663723,1,0.26499938139674184,0.17879366428488974,0.3341577691802472
96,9,5G,1,1,AM,6,0.6882900890677122,0.6037372330547819,0.7420964519850314,8.817260601371217,2,0.6529232685162187,0.5793538652497504,0.6994153976714481
96,9,5G,2,1,PM,4,0.25687732967313937,,0.25687732967313937,6.942658710549449,4,0.3270940198772613,,0.3355731274253038
96,9,5G,3,2,AM,7,0.16209696506271976,0.2215748478283297,0.12965448355420506,6.7926696229503705,3,0.17224048072910786,0.24088573322832169,0.1349085696069664
96,9,5G,4,2,PM,2,0.556835197712635,0.5904905601980811,0.5262394136349569,9.043466828168164,2,0.5214683771611416,0.5661071923930496,0.4835583593213736
96,9,5G,5,3,AM,7,0.13824261985821873,0.1495744351593935,0.12794096958442358,7.256968342251285,3,0.14838613552460683,0.1688853205593855,0.13319505563718492
96,9,5G,6,3,PM,5,0.12900310807587156,0.13195417363604167,0.12766171463943055,7.258976445903602,1,0.08346285114745977,0.072166129471535,0.08586354560747211
97,9,5G,1,1,AM,1,0.8336723113881889,0.8286784277313526,0.8382122056216764,6.881050088022478,1,0.7881320544597771,0.7688903835668459,0.796414036589718
97,9,5G,2,1,PM,3,0.8535482159437592,0.8331422160321882,0.8720991249542782,7.172385417161843,3,0.8636917316101473,0.8524531014321801,0.8773532110070396
97,9,5G,3,2,AM,2,0.8460479580256739,0.7932582791705355,0.8940385751667089,6.900103855351218,2,0.8106811374741805,0.768874911365504,0.8513575208531257
97,9,5G,4,2,PM,8,0.7680527921474997,0.6831298359640978,0.845255479586956,7.309909056976501,4,0.8382694823516216,0.7465193432949251,0.9239512773391205
97,9,5G,5,3,AM,6,0.7795563072025469,0.7205571030640668,0.8331919473284376,7.632655551345977,2,0.7441894866510534,0.6961737352590354,0.7905108930148543
97,9,5G,6,3,PM,8,0.6773168413140558,0.6549156607861344,0.6976815508848935,7.087922968036556,4,0.7475335315181777,0.7183051681169617,0.776377348637058
98,9,5G,1,1,AM,4,0.6436478460155342,0.6319227793252863,0.654306997552123,6.563394435473312,4,0.7138645362196561,0.6953122866561136,0.7330027953042875
98,9,5G,2,1,PM,8,0.41902919632724656,0.654390281646549,0.20506457330969852,5.697971916282721,4,0.48924588653136847,0.7177797889773763,0.28376037106186297
98,9,5G,3,2,AM,6,0.7407646902772251,0.6894398019189105,0.7874236796938747,6.925915161091382,2,0.7053978697257317,0.665056434113879,0.7447426253802915
98,9,5G,4,2,PM,5,0.7923549394997863,0.7447121634168988,0.8356665541205932,7.667980586960435,1,0.7468146825713745,0.6849241192523922,0.7938683850886348
98,9,5G,5,3,AM,1,0.7483235324460952,0.8042858248220366,0.6974487211952394,7.313433582361599,1,0.7027832755176834,0.7444977806575299,0.6556505521632809
98,9,5G,6,3,PM,2,0.8020673976802111,0.8048251315382235,0.7995603669001998,7.513400138375836,2,0.7667005771287176,0.7804417637331921,0.7568793125866166
101,10,AB,1,1,AM,5,0.9516816259156092,0.9972222222222222,0.9102810838186883,8.440331190335439,1,0.9061413689871974,0.9374341780577156,0.8684829147867299
101,10,AB,2,1,PM,1,0.7048488600020634,0.8331956050758279,0.5881700008440955,7.361568986974563,1,0.6593086030736516,0.7734075609113212,0.5463718318121371
101,10,AB,3,2,AM,3,0.9270125348189415,1.0,0.854025069637883,6.0923273945310035,3,0.9371560504853296,1.019310885399992,0.8592791556906444
101,10,AB,4,2,PM,6,0.8168354187852795,0.9838772825750541,0.6649791789763935,8.50738788563884,2,0.7814685982337861,0.9594939147700227,0.6222981246628102
101,10,AB,5,3,AM,7,0.7412385226452078,0.8749388734138037,0.6196927492192115,8.451899101604196,3,0.7513820383115959,0.8942497588137956,0.6249468352719728
101,10,AB,6,3,PM,1,0.7111077950214441,0.8239941194676571,0.6084838637067049,8.021266298443882,1,0.6655675380930323,0.7642060753031504,0.5666856946747465
102,10,AB,1,1,AM,2,0.8788514539210919,0.9622113896626432,0.8030696941560451,8.263191939214085,2,0.8434846333695984,0.9378280218576117,0.7603886398424619
102,10,AB,2,1,PM,5,0.7459657926928123,0.9577576601671309,0.5534277313525224,8.488967656371532,1,0.7004255357644005,0.8979696160026243,0.511629562320564
102,10,AB,3,2,AM,8,0.9463675754762106,0.9332288765088208,0.9595062744436004,7.860091801250147,4,1.0165842656803326,0.9966183838396481,1.038202072195765
102,10,AB,4,2,PM,4,0.304730217682864,0.4308225007737543,0.1901008694184182,5.994496266870962,4,0.3749469078869859,0.49421200810458155,0.26879666717058265
102,10,AB,5,3,AM,5,0.9864909876051937,0.9738532961931291,0.997979797979798,6.89962807022777,1,0.9409507306767819,0.9140652520286224,0.9561816289478395
102,10,AB,6,3,PM,6,0.9951058201058202,0.9936111111111111,0.9964646464646465,7.9085034967280805,2,0.9597389995543267,0.9692277433060796,0.9537835921510632
103,10,AB,1,1,AM,4,0.10309612238581589,0.056111111111111,0.14580976899918408,5.048590469730868,4,0.1733128125899378,0.11950061844193827,0.22450556675134853
103,10,AB,2,1,PM,6,0.9754613049181294,0.9487465181058495,0.9997474747474747,6.028163304248938,2,0.940094484366636,0.9243631503008181,0.9570664204338915
103,10,AB,3,2,AM,4,0.625213485833263,0.6647384710615909,0.5856885006049353,5.273196205197428,4,0.6954301760373849,0.7281279783924182,0.6643842983570998
103,10,AB,4,2,PM,7,0.8693394349383208,0.9491125038687713,0.7968184631833657,7.688533065202168,3,0.8794829506047088,0.9684233892687633,0.802072549236127
103,10,AB,5,3,AM,1,0.6524186471403317,0.7596713905019697,0.554916153175206,8.336969184578386,1,0.6068783902119199,0.6998833463374631,0.5131179841432476
103,10,AB,6,3,PM,7,0.6195613077150334,0.6788912101516559,0.560231405278411,6.4087667196474865,3,0.6297048233814215,0.6982020955516479,0.5654854913311723
104,10,AB,1,1,AM,8,0.007637814230200712,0.007407407407407418,0.007847274978194152,4.687480371551728,4,0.07785450443432262,0.07079691473823468,0.0865430727303586
104,10,AB,2,1,PM,2,0.32071192760607814,0.20092231507273284,0.42961157536366457,6.58640043979196,2,0.2853451070545847,0.17653894726770136,0.3869305210500813
104,10,AB,3,2,AM,5,0.557406428598836,0.4432330132843665,0.6715798439133057,7.240709147605702,1,0.5118661716704243,0.3834449691198598,0.6297816748813473
104,10,AB,4,2,PM,3,0.5489970671029167,0.5420264623955432,0.5553339804732562,7.9907341855414655,3,0.5591405827693048,0.5613373477955352,0.5605880665260176
104,10,AB,5,3,AM,2,0.5433600831233143,0.4170403899721449,0.6581961678061956,8.283167727483367,2,0.5079932625718209,0.3926570221671134,0.6155151134926123
104,10,AB,6,3,PM,4,0.5486245596969831,0.539071494893222,0.5573091640640386,6.780886401719494,4,0.618841249901105,0.6024610022240493,0.6360049618162031
105,10,AB,1,1,AM,3,0.1603152495910155,0.028092695759826647,0.28051757125573273,7.769469064948931,3,0.1704587652574036,0.04740358115981863,0.2857716573084941
105,10,AB,2,1,PM,4,0.2239266923110934,0.09338285360569487,0.34260290931600135,5.409979874192669,4,0.2941433825152153,0.15677236093652214,0.4212987070681658
105,10,AB,3,2,AM,2,0.5673402549168567,0.5103760445682453,0.6243044652654681,7.392155589482483,2,0.5319734343653633,0.4859926767632138,0.5816234109518849
105,10,AB,4,2,PM,1,0.5424507376457237,0.5885406994738471,0.5005507723474297,8.011787374959383,1,0.4969104807173119,0.5287526553093405,0.4587526033154713
105,10,AB,5,3,AM,6,0.4720210461157537,0.441201640359022,0.5000386877127825,7.780969931810718,2,0.43665422556426026,0.4168182725539905,0.4573576333991992
105,10,AB,6,3,PM,3,0.3543621317298198,0.2677282575054163,0.4331201992065502,7.22123033767044,3,0.3645056473962079,0.2870391429054083,0.43837428525931155
106,10,AB,1,1,AM,7,0.8707893030316428,0.72865753636645,1.0,5.811825311280987,3,0.880932818698031,0.747968421766442,1.0052540860527612
106,10,AB,2,1,PM,8,0.9741602924054178,0.9866465490560198,0.9628091499957796,6.368690091014237,4,1.0443769826095397,1.0500360563868472,1.0415049477479439
106,10,AB,3,2,AM,7,0.9778724571621508,1.0,0.9557449143243015,6.130892991544716,3,0.9880159728285389,1.019310885399992,0.9609990003770629
106,10,AB,4,2,PM,5,0.9519830216209046,1.0,0.9083312230944542,6.728725212142523,1,0.9064427646924929,0.9402119558354933,0.8665330540624958
106,10,AB,5,3,AM,4,0.5690553565901756,0.618039306716187,0.5245244928392561,6.44472572459153,4,0.6392720467942975,0.6814288140470143,0.6032202905914206
106,10,AB,6,3,PM,2,0.6929826279010521,0.6826833797585887,0.7023455807578372,6.064263946276249,2,0.6576158073495587,0.6583000119535573,0.6596645264442539
107,10,AB,1,1,AM,6,0.0025132275132274673,0.0019444444444444153,0.00303030303030305,3.349925160990759,2,-0.03285359303826596,-0.02243892336058706,-0.03965075128328022
107,10,AB,2,1,PM,7,0.15205238316310743,0.0,0.22116710278270157,5.040619380778217,3,0.16219589882949553,0.019310885399991984,0.22642118883546292
107,10,AB,3,2,AM,6,0.11196396024622579,0.14039287372330556,0.089220829464562,6.148829005207197,2,0.07659713969473236,0.11600950591827408,0.046539775150978735
107,10,AB,4,2,PM,8,0.09821041694300736,0.05305555555555552,0.13926029093160008,4.342379770100883,4,0.16842710714712927,0.11644506288638279,0.21795608868376454
107,10,AB,5,3,AM,3,0.1289579372448454,0.10642061281337045,0.14944641400073155,6.2874477986881505,3,0.1391014529112335,0.12573149821336244,0.1547005000534929
107,10,AB,6,3,PM,8,0.23986581943207497,0.13202027236149794,0.337907225859872,5.182865176592069,4,0.3100825096361969,0.1954097796923252,0.41660302361203644
108,10,AB,1,1,AM,1,0.46566447067839833,0.43566388115134635,0.4929377338848091,8.933952754379952,1,0.42012421374998654,0.3758758369868397,0.45113956485285067
108,10,AB,2,1,PM,3,0.3040972130108619,0.3158874961312287,0.2933787738105287,7.384603626168841,3,0.31424072867725,0.33519838153122067,0.29863285986329
108,10,AB,3,2,AM,1,0.4374011001378689,0.2771131228721757,0.5976890774035621,7.720027539576049,1,0.39186084320945713,0.21732507870766904,0.5558909083716037
108,10,AB,4,2,PM,2,0.43226997391342803,0.37873800680903746,0.480935398553783,7.274737680958352,2,0.3969031533619346,0.354354639004006,0.4382543442401997
108,10,AB,5,3,AM,8,0.343827283311963,0.25889121015165584,0.42104189527587854,8.2916811249784,4,0.4140439735160849,0.3222807174824831,0.499737693028043
108,10,AB,6,3,PM,5,0.0,0.0,0.0,2.7169889889306265,1,-0.04554025692841179,-0.05978804416450667,-0.04179816903195843
111,11,AB,1,1,AM,3,0.5648770836096741,0.45111730114515625,0.6682950676683268,9.705497181454964,3,0.5750205992760622,0.47042818654514823,0.6735491537210881
111,11,AB,2,1,PM,1,0.5005335219819901,0.4913300835654596,0.5089002841788357,7.657550510834314,1,0.4549932650535783,0.4315420394009529,0.4671021151468773
111,11,AB,3,2,AM,5,0.39119836111479556,0.49951176106468587,0.2927316338876228,9.009275803276575,1,0.34565810418638376,0.4397237169001792,0.25093346485566437
111,11,AB,4,2,PM,2,0.2883365757321189,0.15837743732590537,0.40648124701049493,7.659393777941158,2,0.2529697551806255,0.1339940695208739,0.36380019269691166
111,11,AB,5,3,AM,3,0.7709725591797206,0.8460058805323429,0.6959392378270983,2.6879069471824693,3,0.7811160748461088,0.8653167659323349,0.7011933238798597
111,11,AB,6,3,PM,3,0.3549932941297844,0.26128443206437635,0.44018316873470076,9.0825935527729,3,0.3651368097961725,0.28059531746436833,0.4454372547874621
112,11,AB,1,1,AM,8,0.6697358918807387,0.6334145775301765,0.702755268563068,7.03867216536163,4,0.7399525820848606,0.6968040848610038,0.7814510663152325
112,11,AB,2,1,PM,5,0.9923236208751529,0.9955555555555555,0.9893854984384233,7.280362244449668,1,0.9467833639467411,0.9357675113910489,0.9475873294064648
112,11,AB,3,2,AM,2,0.9895502645502645,1.0,0.9800505050505051,6.720254797893058,2,0.9541834439987711,0.9756166321949685,0.9373694507369218
112,11,AB,4,2,PM,7,0.836080424039674,0.9977528089887641,0.6744080390905838,6.967256591639793,3,0.846223939706062,1.017063694388756,0.6796621251433451
112,11,AB,5,3,AM,8,0.9063510486212436,0.9924992262457444,0.8280345235080612,7.161719688182742,4,0.9765677388253655,1.0558887335765716,0.9067303212602256
112,11,AB,6,3,PM,8,0.8349140027413008,0.9099605385329619,0.7666898792943362,7.633713484171961,4,0.9051306929454227,0.9733500458637891,0.8453856770465007
113,11,AB,1,1,AM,1,0.35779478511760443,0.6141893830088078,0.12470878703469235,3.3332643273383358,1,0.31225452818919264,0.5544013388443011,0.08291061800273392
113,11,AB,2,1,PM,6,0.3458716341689878,0.0,0.6917432683379758,3.117569410728521,2,0.3105048136174944,-0.024383367805031475,0.6490622140243926
113,11,AB,3,2,AM,4,0.2995249148870319,0.5990498297740638,0.0,0.7724052027066364,4,0.36974160509115384,0.6624393371048911,0.07869579775216445
113,11,AB,5,3,AM,4,0.19408268048741362,0.07481432923719067,0.3133510317376367,7.7151470631752215,4,0.26429937069153553,0.13820383656801793,0.39204682948980113
113,11,AB,6,3,PM,1,0.4569063620496172,0.3366860105230579,0.5661975907101255,3.0047799832635826,1,0.4113661051212054,0.27689796635855124,0.5243994216781671
114,11,AB,1,1,AM,4,0.0623026926648097,0.08433147632311988,0.042276525702709566,2.8254313299969676,4,0.1325193828689316,0.14772098365394715,0.12097232345487402
114,11,AB,2,1,PM,2,0.44494406862094893,0.5892417208294646,0.31376438479502544,4.916089910433412,2,0.4095772480694555,0.5648583530244331,0.2710833304814422
114,11,AB,3,2,AM,8,0.27544344123203024,0.19101633955538477,0.35219535184716244,4.719360993091127,4,0.34566013143615215,0.25440584688621204,0.4308911495993269
114,11,AB,4,2,PM,8,0.3005668405646571,0.32895233673785207,0.272181344391462,3.0263302753087107,4,0.370783530768779,0.39234184406867934,0.3508771421436265
114,11,AB,5,3,AM,5,0.646446261803032,0.5778574840482056,0.7087996961256015,4.2970845528256385,1,0.6009060048746202,0.5180694398836989,0.667001527093643
114,11,AB,6,3,PM,4,0.37815911884534936,0.34814763231197776,0.4081706053787212,2.4811266244605625,4,0.4483758090494713,0.411537139642805,0.48686640313088564
115,11,AB,1,1,AM,5,0.7575236573677078,0.7688668423415765,0.7472116710278272,8.151585767271335,1,0.711983400439296,0.7090787981770699,0.7054135019958687
115,11,AB,2,1,PM,4,0.6359769937067987,0.7328064066852369,0.5479502546354913,8.552287827314057,4,0.7061936839109206,0.7961959140160642,0.6266460523876558
115,11,AB,3,2,AM,3,0.5590384497965079,0.5271417517796347,0.5880354479936653,7.945915955280596,3,0.569181965462896,0.5464526371796268,0.5932895340464266
115,11,AB,4,2,PM,5,0.4719278271506684,0.38977948003714014,0.5466081427084213,8.004185462816316,1,0.4263875702222566,0.32999143587263347,0.5048099736764629
115,11,AB,5,3,AM,2,0.5940460340761458,0.6018064827638675,0.5869910807236713,8.693360065437039,2,0.5586792135246523,0.577423114958836,0.5443100264100881
115,11,AB,6,3,PM,5,0.6414979145480537,0.5409292788610338,0.7329239469907994,9.434696501597838,1,0.5959576576196419,0.48114123469652714,0.691125777958841
116,11,AB,1,1,AM,7,0.9634920634920635,0.9541666666666667,0.9719696969696969,4.476703166864368,3,0.9736355791584517,0.9734775520666588,0.9772237830224583
116,11,AB,2,1,PM,8,1.0,1.0,1.0,4.060515408566404,4,1.070216690204122,1.0633895073308273,1.0786957977521645
117,11,AB,1,1,AM,2,0.24448344797529042,0.37708526771897244,0.12393633911739765,6.9310217520441615,2,0.209116627423797,0.35270189991394096,0.08125528480381439
117,11,AB,2,1,PM,7,0.7494465814800078,0.9385399257195914,0.5775435412622041,7.742130497464354,3,0.7595900971463958,0.9578508111195834,0.5827976273149654
117,11,AB,3,2,AM,6,0.5590897702318315,0.5328211080160942,0.5829703722461383,8.085035983787701,2,0.5237229496803381,0.5084377402110627,0.5402893179325551
117,11,AB,4,2,PM,1,0.683312699886516,0.6841457753017641,0.6825553585999269,6.303229799336365,1,0.6377724429581042,0.6243577311372575,0.6407571895679685
117,11,AB,5,3,AM,6,0.39547169533241966,0.6266542865985764,0.18530570327227702,8.094128447526803,2,0.36010487478092623,0.6022709187935449,0.14262464895869376
117,11,AB,6,3,PM,2,0.5363627654714006,0.6032134014237078,0.4755894600602122,6.933416360998483,2,0.5009959449199072,0.5788300336186764,0.4329084057466289
118,11,AB,1,1,AM,6,0.2757866501599091,0.1323754255648406,0.40616049070088067,6.328757619300087,2,0.24041982960841568,0.10799205775980913,0.3634794363872974
118,11,AB,2,1,PM,3,0.5629298020662923,0.7615436397400186,0.3823717678174504,6.296975439198026,3,0.5730733177326803,0.7808545251400105,0.38762585387021176
118,11,AB,3,2,AM,1,0.6952900473095459,0.7595697926338596,0.6368539151965336,5.456883773111183,1,0.6497497903811341,0.6997817484693529,0.5950557461645751
118,11,AB,4,2,PM,4,0.5926480997782069,0.611032188177035,0.5742640113793789,4.181345869246456,4,0.6628647899823288,0.6744216955078622,0.6529598091315434
118,11,AB,5,3,AM,1,0.7175629788032418,0.6895247505498449,0.7456012070566389,4.940917024910823,1,0.67202272187483,0.6297367063853382,0.7038030380246805
118,11,AB,6,3,PM,6,0.5136545518857498,0.5726655834107088,0.46000815959033226,4.846859848115751,2,0.4782877313342564,0.5482822156056774,0.417327105276749
121,12,5G,1,1,AM,7,0.28770832195459417,0.36923163673805437,0.22100742804085416,9.636280308094948,3,0.2978518376209823,0.38854252213804635,0.2262615140936155
121,12,5G,2,1,PM,1,0.35124242826192675,0.35301996285979576,0.34962648771840976,8.330688249275678,1,0.30570217133351496,0.2932319186952891,0.30782831868645133
121,12,5G,3,2,AM,5,0.5176062254056684,0.44811822965026304,0.5807771306378549,9.5484567883577,1,0.47206596847725657,0.3883301854857564,0.5389789616058964
121,12,5G,4,2,PM,1,0.5412031878675332,0.4267039788163278,0.6348843589094285,8.525486754049755,1,0.4956629309391214,0.36691593465182115,0.5930861898774701
121,12,5G,5,3,AM,2,0.38334438696555695,0.333428505106778,0.4287224613826285,9.103555911230657,2,0.3479775664140635,0.30904513730174654,0.3860414070690452
121,12,5G,6,3,PM,6,0.5665583937072198,0.5287240792324358,0.6009532250479326,9.689117097856457,2,0.5311915731557264,0.5043407114274043,0.5582721707343493
122,12,5G,1,1,AM,5,0.7509351372861123,0.7397214484679666,0.7611293998480628,8.68318994314479,1,0.7053948803577005,0.6799334043034599,0.7193312308161044
122,12,5G,2,1,PM,5,0.7920115399920413,0.7587031878675332,0.8222918601052306,8.497865542560485,1,0.7464712830636295,0.6989151437030265,0.7804936910732722
122,12,5G,3,2,AM,2,0.8153277033499875,0.868237387805633,0.7672279902084916,7.543065621151083,2,0.7799608827984941,0.8438540200006015,0.7245469358949084
122,12,5G,4,2,PM,6,0.8510021959882684,0.8164778706282885,0.882387946315523,7.432175121434008,2,0.815635375436775,0.792094502823257,0.8397068920019397
122,12,5G,5,3,AM,7,0.8551410443471725,0.8771092541008976,0.8351699445710588,9.388631469477659,3,0.8652845600135606,0.8964201395008895,0.8404240306238201
122,12,5G,6,3,PM,4,0.8471794815109579,0.8370976477870629,0.8563447848963169,6.417650971588064,4,0.9173961717150798,0.9004871551178901,0.9350405826484813
123,12,5G,1,1,AM,1,0.1137067049323317,,0.1137067049323317,6.453678509309568,1,0.06816644800391991,,0.07190853590037327
123,12,5G,2,1,PM,6,0.48927782936139486,0.43094630145465807,0.5104892940547536,9.4232821218201,2,0.45391100880990143,0.4065629336496266,0.46780823974117036
123,12,5G,3,2,AM,4,0.41362267905696626,,0.41362267905696626,6.758730996311797,4,0.48383936926108817,,0.4923184768091307
123,12,5G,5,3,AM,3,0.1952938546717563,,0.1952938546717563,8.23168977111108,3,0.2054373703381444,,0.20054794072451765
123,12,5G,6,3,PM,7,0.5716620632286038,0.32794361525704807,0.6159745083143411,8.362201954549173,3,0.5818055788949918,0.34725450065704005,0.6212285943671024
124,12,5G,1,1,AM,2,0.5314710290117122,0.3936764933457134,0.6316852367688023,9.27133646317907,2,0.49610420846021874,0.36929312554068194,0.589004182455219
124,12,5G,2,1,PM,2,0.2878593535835876,0.34795961002785514,0.22775909713932008,6.81908278641681,2,0.2524925330320942,0.32357624222282366,0.1850780428257368
124,12,5G,3,2,AM,8,0.2279925389249382,0.2410809346951408,0.21490414315473583,7.089741333964388,4,0.2982092291290601,0.30447044202596807,0.2935999409069003
124,12,5G,4,2,PM,4,0.28213014546580006,0.42464329928814615,0.1396169916434541,3.7200595847612483,4,0.352346835669922,0.4880328066189734,0.21831278939561855
124,12,5G,5,3,AM,8,0.4613801447536612,0.341159987671949,0.5706711966461271,7.4577176622132875,4,0.5315968349577831,0.40454949500277626,0.6493669943982916
124,12,5G,6,3,PM,3,0.5396538002387585,0.5380145465800062,0.5412930538975107,5.033545118713965,3,0.5497973159051466,0.5573254319799983,0.546547139950272
125,12,5G,1,1,AM,6,0.5440338995393887,0.3462524502218095,0.65191469007625,9.306241668623112,2,0.5086670789878953,0.32186908241677803,0.6092336357626668
125,12,5G,2,1,PM,4,0.4022331269041499,0.3235225240085524,0.4737882204456021,8.268505596376102,4,0.47244981710827183,0.3869120313393797,0.5524840181977666
125,12,5G,3,2,AM,3,0.6221284027243041,0.7354256854256855,0.5912291438057455,8.83363974280368,3,0.6322719183906922,0.7547365708256775,0.5964832298585069
125,12,5G,4,2,PM,3,0.299942742185082,0.22249475566560062,0.36330927661011225,3.762825025714791,3,0.3100862578514701,0.2418056410655926,0.3685633626628736
125,12,5G,5,3,AM,5,0.5666374278117909,0.5134738893674358,0.5811365746602515,8.267143368586455,1,0.5210971708833791,0.4536858452029291,0.539338405628293
125,12,5G,6,3,PM,1,0.5947204167956257,0.6116589291241101,0.5793217692242761,6.448598579450336,1,0.5491801598672139,0.5518708849596035,0.5375236001923177
126,12,5G,2,1,PM,8,0.5009720796885435,0.52788320179511,0.48140035452013163,6.919744943812768,4,0.5711887698926654,0.5912727091259372,0.560096152272296
126,12,5G,3,2,AM,7,0.5501172237697307,0.5536796313490835,0.5472025266593512,7.201105219342802,3,0.5602607394361188,0.5729905167490754,0.5524566127121125
126,12,5G,4,2,PM,2,0.6809527494067884,0.6304627050448778,0.7268527897357981,6.45568129921111,2,0.645585928855295,0.6060793372398463,0.6841717354222149
126,12,5G,5,3,AM,6,0.7544765967190641,0.7687872870623114,0.744068821923975,6.873586975129245,2,0.7191097761675707,0.7444039192572799,0.7013877676103918
126,12,5G,6,3,PM,5,0.6012743064940061,0.7262959976543029,0.48761822362100915,7.110364240831976,1,0.5557340495655944,0.6665079534897962,0.4458200545890507
127,12,5G,1,1,AM,3,0.7108653520213409,0.8686536675951718,0.5674214287724038,8.652454780006238,3,0.7210088676877291,0.8879645529951639,0.5726755148251651
127,12,5G,2,1,PM,7,0.5919519401694444,0.6049591795864121,0.5801271770631102,8.477669419901602,3,0.6020954558358325,0.6242700649864041,0.5853812631158716
127,12,5G,3,2,AM,6,0.5139677381320835,0.6483751160631384,0.39177921274021554,10.120387979704535,2,0.4786009175805901,0.6239917482581069,0.3490981584266323
127,12,5G,4,2,PM,8,0.5529704794328749,0.5893144537294954,0.5199305027995835,8.649137511734887,4,0.6231871696369968,0.6527039610603227,0.598626300551748
127,12,5G,5,3,AM,1,0.6926309118509676,0.7775147013308573,0.6154638305056133,9.799936120769749,1,0.6470906549225558,0.7177266571663506,0.5736656614736548
127,12,5G,6,3,PM,8,0.5004432506521643,0.48477870628288455,0.5146837455333277,9.485434753126743,4,0.5706599408562862,0.5481682136137118,0.5933795432854923
128,12,5G,1,1,AM,8,0.4438742881585047,0.4510225727589817,0.4373758476126164,7.7068369784605055,4,0.5140909783626266,0.514412080089809,0.5160716453647809
128,12,5G,2,1,PM,3,0.40534406272567824,0.2152236149798824,0.5781808334036747,5.201865171369659,3,0.41548757839206635,0.2345345003798744,0.583434919456436
128,12,5G,3,2,AM,1,0.392459212097095,0.4414794181367998,0.3478953884246363,5.532208063007722,1,0.3469189551686832,0.38169137397229314,0.30609721939267787
128,12,5G,4,2,PM,5,0.6012394933319916,0.631635743177622,0.5736065389268732,7.041723646325524,1,0.5556992364035798,0.5718476990131154,0.5318083698949148
128,12,5G,5,3,AM,4,0.40172671154098216,0.40445528778805506,0.3998167081680313,6.771636121482753,4,0.4719434017451041,0.46784479511888233,0.47851250592019573
128,12,5G,6,3,PM,2,0.5433412919485343,0.5357265552460538,0.5502637798598802,7.241925806221057,2,0.5079744713970409,0.5113431874410224,0.5075827255462969
131,13,AB,1,1,AM,7,0.5847098789995726,0.6635894459919529,0.5130011817337723,9.005009944699712,3,0.5948533946659607,0.6829003313919448,0.5182552677865336
131,13,AB,2,1,PM,3,0.6285806399316148,0.5445063447848962,0.7050118173377227,7.959355058335195,3,0.638724155598003,0.5638172301848883,0.710265903390484
131,13,AB,3,2,AM,6,0.7286671351016755,0.7230578768183225,0.7342763933850285,9.168613744950367,2,0.693300314550182,0.698674509013291,0.6915953390714452
131,13,AB,4,2,PM,5,0.8125252391269104,0.9168384401114207,0.7176950564137194,9.783590827190867,1,0.7669849821984986,0.857050395946914,0.675896887381761
131,13,AB,5,3,AM,1,0.8539085643542468,0.900125348189415,0.8118933063222757,9.661372084005512,1,0.808368307425835,0.8403373040249084,0.7700951372903173
131,13,AB,6,3,PM,3,0.5582040058363178,0.5113796038378212,0.6007716440167694,8.062048377677744,3,0.5683475215027058,0.5306904892378133,0.6060257300695308
132,13,AB,1,1,AM,5,0.5767249982630007,0.6363618074899412,0.5225097171476003,10.896540796611301,1,0.5311847413345889,0.5765737633254345,0.4807115481156419
132,13,AB,2,1,PM,8,0.3449588067972469,0.3039035902197462,0.3822817309586113,10.522664205823848,4,0.4151754970013688,0.3672930975505735,0.46097752871077574
132,13,AB,3,2,AM,4,0.4277171530862339,0.39971912720519964,0.4557151789672682,12.277516181868965,4,0.49793384329035584,0.4631086345360269,0.5344109767194327
132,13,AB,4,2,PM,2,0.7404938762877482,0.6696990095945528,0.8048528460088349,10.22310189210271,2,0.7051270557362548,0.6453156417895213,0.7621717916952516
132,13,AB,5,3,AM,6,0.6435424680550029,0.7192347570411638,0.5747312962494021,10.272584781107039,2,0.6081756475035095,0.6948513892361323,0.5320502419358188
133,13,AB,1,1,AM,1,0.7580054089107015,0.7977019498607243,0.7219176444106807,8.569404018831941,1,0.7124651519822897,0.7379139056962176,0.6801194753787223
133,13,AB,2,1,PM,1,0.687559136932396,0.7432404828226555,0.6369397315776146,7.474772415187118,1,0.6420188800039842,0.6834524386581489,0.5951415625456562
133,13,AB,3,2,AM,7,0.48694565735652096,0.44666666666666666,0.527224648046375,9.761355478822061,3,0.49708917302290906,0.46597755206665864,0.5324787340991364
133,13,AB,4,2,PM,4,0.1796638958895228,0.11259207675642224,0.24063827691961392,5.095864493273611,4,0.24988058609364472,0.1759815840872495,0.3193340746717784
133,13,AB,5,3,AM,7,0.3519159629187485,0.3470434849891675,0.3563454883092766,8.889823914138825,3,0.3620594785851366,0.36635437038915947,0.36159957436203793
133,13,AB,6,3,PM,4,0.5860731603071436,0.6682652429588363,0.5113530851692412,9.031951868019226,4,0.6562898505112655,0.7316547502896635,0.5900488829214057
134,13,AB,1,1,AM,2,0.9839869714521525,0.9910948622717425,0.9775252525252526,8.703184747414351,2,0.9486201509006591,0.966711494466711,0.9348441982116693
134,13,AB,2,1,PM,4,0.992989417989418,0.9855555555555555,0.9997474747474747,9.223870475684041,4,1.06320610819354,1.0489450628863828,1.0784432724996393
134,13,AB,3,2,AM,3,0.9903549440805708,0.9944444444444445,0.9862654437166972,9.034178852506553,3,1.0004984597469588,1.0137553298444364,0.9915195297694586
134,13,AB,4,2,PM,8,0.7050750910082386,0.7427305787681833,0.6708428294082891,8.880070302022874,4,0.7752917812123605,0.8061200860990105,0.7495386271604536
134,13,AB,5,3,AM,4,0.6258551826796952,0.7805687093779016,0.4852065220449622,8.795113973601529,4,0.6960718728838171,0.8439582167087288,0.5639023197971267
135,13,AB,1,1,AM,6,0.7142798190151951,0.6930694831321572,0.7335619425452296,7.65915986247286,2,0.6789129984637017,0.6686861153271257,0.6908808882316463
135,13,AB,2,1,PM,5,0.6337986912499447,0.62448081089446,0.6422694915731126,7.425293013133998,1,0.5882584343215329,0.5646927667299533,0.6004713225411542
135,13,AB,3,2,AM,1,0.6882192568613181,0.6571858557722068,0.7192526579504296,7.663300144016796,1,0.6426789999329063,0.5973978116077001,0.6774544889184712
135,13,AB,4,2,PM,3,0.6145241042873354,0.5211049210770659,0.6994506344784897,7.924725582147372,3,0.6246676199537236,0.5404158064770579,0.704704720531251
135,13,AB,5,3,AM,3,0.704882020898734,0.6805810894459919,0.7269737767648632,7.704422985428703,3,0.7150255365651221,0.699891974845984,0.7322278628176245
135,13,AB,6,3,PM,2,0.696778234661243,0.7147531723924482,0.6804373821783293,7.1325926428356725,2,0.6614114141097496,0.6903698045874167,0.637756327864746
136,13,AB,1,1,AM,4,0.49474178715125794,0.34975162488393685,0.6265510255760953,10.0579462109932,4,0.5649584773553799,0.4131411322147641,0.7052468233282598
136,13,AB,2,1,PM,7,0.6446695700873974,0.6066457753017641,0.6792366562561549,11.5623651149607,3,0.6548130857537855,0.6259566607017562,0.6844907423089163
136,13,AB,3,2,AM,5,0.6701516035534142,0.7260569483132158,0.6142462587936126,10.556852806315632,1,0.6246113466250024,0.6662689041487091,0.5724480897616542
136,13,AB,4,2,PM,7,0.520981373050613,0.47154828226555257,0.5659205464915771,10.765958178193468,3,0.531124888717001,0.49085916766554455,0.5711746325443384
136,13,AB,5,3,AM,2,0.5488717926043831,0.6043198700092851,0.4984644495090177,10.040870305058919,2,0.5135049720528897,0.5799365022042536,0.4557833951954344
137,13,AB,1,1,AM,3,0.6169951700890818,0.6026183844011141,0.6300649752599614,8.867183036111022,3,0.6271386857554699,0.6219292698011061,0.6353190613127228
137,13,AB,2,1,PM,2,0.6059814888505697,0.5977754565150109,0.6134415182465321,7.814461887898197,2,0.5706146682990763,0.5733920887099794,0.5707604639329489
137,13,AB,3,2,AM,8,0.5400498862372122,0.49259671928195603,0.5875030531924682,8.07762773703421,4,0.6102665764413341,0.5559862266127833,0.6661988509446326
137,13,AB,4,2,PM,6,0.6460818558311595,0.6152406375735067,0.6741193269744802,8.462869863269262,2,0.6107150352796661,0.5908572697684752,0.6314382726608969
137,13,AB,5,3,AM,8,0.5697782115012517,0.5129565150108326,0.6214342992198145,8.742496389551883,4,0.6399949017053737,0.5763460223416599,0.700130096971979
