fish,session,tank,include,strain,y1.n,entrytotop.min,y1.mean,topbottom.mean,y1.sd,topbottom.sd,y1.skew,y1.se,
13,1,11,0,5G,89,2870.00,52.7388,.6966,16.59168,.46232,-.349,.255,
17,1,12,0,5G,365,9005.00,34.4740,.4384,24.06065,.49687,.277,.128,
11,1,13,1,5G,3230,1995.00,41.8802,.6186,19.07680,.48581,-.405,.043,
14,1,14,1,5G,732,1805.00,43.8461,.8484,11.36142,.35892,-1.166,.090,
15,1,15,0,5G,450,1815.00,45.7140,.6467,10.18643,.47854,.665,.115,
18,1,16,0,5G,59,9795.00,30.6271,.4068,25.03095,.49545,.382,.311,
16,1,17,1,5G,1354,19735.00,18.9072,.2016,16.76936,.40136,1.014,.066,
12,1,18,1,5G,810,10970.00,21.6250,.3000,14.52833,.45854,.430,.086,
15,1,21,1,5G,4009,1805.00,48.6705,.6161,18.06346,.48639,-.295,.039,
18,1,22,1,5G,1521,5535.00,50.9494,.6890,22.46986,.46305,-.644,.063,
14,1,23,1,5G,5821,1805.00,49.0111,.8404,13.55892,.36626,-.888,.032,
12,1,24,1,5G,3272,6690.00,23.2382,.3050,14.67570,.46048,.387,.043,
16,1,25,1,5G,1038,12950.00,15.9562,.0539,11.90530,.22603,2.135,.076,
11,1,26,1,5G,7119,2475.00,39.6836,.5112,20.81298,.49991,-.015,.029,
13,1,27,1,5G,6092,2290.00,43.3230,.7019,19.71912,.45746,-.758,.031,
17,1,28,1,5G,4306,8285.00,34.1569,.6298,16.54459,.48291,-.491,.037,
11,1,31,1,5G,6784,2335.00,50.5120,.5178,27.57145,.49972,-.034,.030,
14,1,32,1,5G,3402,1830.00,74.6317,.9265,13.90928,.26097,-1.073,.042,
18,1,33,1,5G,551,4265.00,49.7448,.5935,26.98096,.49163,-.264,.104,
15,1,34,1,5G,3496,1805.00,34.3328,.5429,16.55681,.49823,-.353,.041,
12,1,35,1,5G,4474,7225.00,42.7677,.4350,21.66413,.49581,.200,.037,
13,1,36,1,5G,3733,2255.00,44.6704,.4838,24.67071,.49980,.117,.040,
17,1,37,1,5G,3058,2225.00,36.4454,.4565,22.02167,.49819,-.057,.044,
16,1,38,0,5G,302,35335.00,6.9400,.0066,7.49746,.08124,1.715,.140,
13,1,41,1,5G,3170,2325.00,50.1219,.4653,23.24790,.49887,.260,.043,
14,1,42,1,5G,1828,1820.00,67.5742,.8704,15.49356,.33601,-.884,.057,
17,1,43,1,5G,1669,1805.00,39.0203,.5177,19.85502,.49984,-.358,.060,
16,1,44,0,5G,50,1815.00,28.9522,.2600,12.12494,.44309,.324,.337,
12,1,45,1,5G,978,23175.00,19.4592,.0562,12.22043,.23050,1.589,.078,
15,1,46,1,5G,3584,1805.00,44.4512,.4838,21.52130,.49981,.125,.041,
11,1,47,1,5G,5755,1820.00,33.5766,.3545,19.94774,.47840,.412,.032,
18,1,48,0,5G,109,1805.00,42.6239,.6055,19.40518,.49100,-.322,.231,
17,1,51,1,5G,5643,1805.00,61.3791,.6860,23.14542,.46416,-.510,.033,
11,1,52,1,5G,5137,2545.00,56.7258,.5922,20.00906,.49148,-.007,.034,
13,1,53,1,5G,3400,1805.00,32.3936,.3259,24.05835,.46877,.685,.042,
18,1,54,1,5G,1408,1805.00,46.0147,.6946,19.15356,.46074,-.483,.065,
15,1,55,1,5G,6871,1805.00,54.1603,.5893,23.83355,.49200,-.211,.030,
16,1,56,1,5G,6484,22005.00,17.2511,.0470,12.46021,.21174,2.210,.030,
12,1,57,1,5G,4024,2710.00,46.9506,.6451,17.52183,.47853,-.392,.039,
14,1,58,1,5G,3729,1810.00,42.1139,.6865,16.14011,.46397,-.739,.040,
18,1,61,1,5G,1016,4045.00,57.6526,.6004,22.68789,.49006,-.006,.077,
12,1,62,1,5G,1289,1810.00,46.7649,.5322,13.60511,.49916,-.331,.068,
15,1,63,1,5G,3873,1810.00,37.8994,.4105,20.61725,.49199,.169,.039,
13,1,64,1,5G,995,2165.00,41.9071,.7899,12.69232,.40755,-1.505,.078,
11,1,65,1,5G,4939,1805.00,60.2355,.6888,20.01778,.46303,-.192,.035,
17,1,66,1,5G,1940,2240.00,49.4464,.5716,19.28779,.49497,-.158,.056,
16,1,67,1,5G,3234,3940.00,29.4102,.2687,17.86612,.44336,.586,.043,
14,1,68,1,5G,2229,1845.00,42.6159,.7465,13.30443,.43510,-.976,.052,
21,2,11,1,AB,6068,1825.00,57.3899,.6022,22.94563,.48949,-.225,.031,
26,2,12,1,AB,7474,1835.00,53.2541,.5601,16.60287,.49641,.210,.028,
25,2,13,1,AB,5724,1805.00,68.4387,.9949,5.37269,.07100,-1.563,.032,
24,2,14,1,AB,6338,2820.00,40.3658,.7098,16.27192,.45387,-.894,.031,
28,2,15,1,AB,7087,2225.00,66.2082,.7222,24.04330,.44796,-.619,.029,
22,2,16,1,AB,7320,2135.00,51.7960,.5693,23.10014,.49521,-.180,.029,
23,2,17,1,AB,7585,1805.00,47.4213,.5254,23.64447,.49939,-.174,.028,
27,2,18,1,AB,6968,1830.00,42.6192,.7167,17.74144,.45063,-.873,.029,
28,2,21,1,AB,9475,2190.00,67.9847,.7354,23.71637,.44114,-.707,.025,
25,2,22,1,AB,8200,3460.00,69.9031,.8920,17.72064,.31046,-1.832,.027,
21,2,23,1,AB,4446,1990.00,42.9422,.5475,19.06352,.49780,-.139,.037,
23,2,24,1,AB,4365,4000.00,41.8455,.7608,14.08749,.42663,-1.021,.037,
24,2,25,1,AB,10233,3690.00,66.8026,.7686,22.57493,.42175,-.938,.024,
27,2,26,1,AB,10171,1805.00,66.4583,.7888,20.77933,.40817,-.960,.024,
26,2,27,1,AB,10015,2230.00,32.7738,.2899,17.79533,.45372,.599,.024,
22,2,28,1,AB,6130,16895.00,16.6063,.1339,13.97409,.34061,1.394,.031,
23,2,31,1,AB,3052,1870.00,56.0210,.5996,22.14483,.49006,-.239,.044,
27,2,32,1,AB,4291,1820.00,56.3236,.6831,19.23605,.46534,-.596,.037,
21,2,33,1,AB,2521,1820.00,42.8314,.4387,20.26564,.49633,.240,.049,
24,2,34,1,AB,4835,1805.00,36.7604,.6422,16.61359,.47940,-.659,.035,
25,2,35,1,AB,4503,1815.00,70.5608,.8408,18.66483,.36593,-1.169,.036,
28,2,36,1,AB,6005,1810.00,29.6190,.1977,18.87578,.39827,1.001,.032,
26,2,37,1,AB,6626,1840.00,21.6655,.1337,15.40622,.34037,1.497,.030,
22,2,38,1,AB,5684,1805.00,28.2047,.4273,17.71631,.49474,.064,.032,
21,2,41,1,AB,859,2145.00,66.2149,.7125,22.63170,.45288,-.568,.083,
24,2,42,1,AB,5416,1805.00,57.7518,.6876,23.79622,.46352,-.571,.033,
28,2,43,1,AB,5990,2825.00,43.9302,.5628,19.33804,.49609,-.271,.032,
25,2,44,1,AB,2592,3225.00,49.0263,.8387,15.43766,.36785,-1.589,.048,
22,2,45,1,AB,2529,6570.00,44.2099,.2618,15.95200,.43968,1.073,.049,
23,2,46,1,AB,3204,1805.00,48.7503,.5256,21.80777,.49942,-.138,.043,
27,2,47,1,AB,5914,1805.00,46.8503,.6677,21.04389,.47106,-.619,.032,
26,2,48,1,AB,7221,2110.00,34.8889,.5368,12.43371,.49868,-.007,.029,
28,2,51,1,AB,6383,1810.00,62.3934,.7446,20.74056,.43610,-.784,.031,
22,2,52,1,AB,4059,1830.00,37.8270,.2237,15.70637,.41677,1.165,.038,
25,2,53,1,AB,5040,1805.00,60.4751,.8194,18.87828,.38469,-1.265,.034,
23,2,54,1,AB,5541,1805.00,33.6828,.5172,16.00170,.49975,-.214,.033,
21,2,55,1,AB,3073,1805.00,68.8419,.7472,22.53266,.43471,-.664,.044,
27,2,56,1,AB,7461,1860.00,65.6473,.8354,18.70286,.37083,-1.097,.028,
26,2,57,1,AB,7637,2060.00,44.0855,.5442,12.42968,.49808,.507,.028,
24,2,58,1,AB,7447,1915.00,39.0998,.6437,17.45279,.47892,-.521,.028,
23,2,61,1,AB,4535,1805.00,53.5933,.5753,21.97960,.49435,-.219,.036,
24,2,62,1,AB,4590,1805.00,52.8713,.5758,24.48945,.49427,-.182,.036,
27,2,63,1,AB,7239,1805.00,56.5778,.8456,15.40714,.36140,-1.307,.029,
26,2,64,1,AB,6187,1805.00,39.7213,.6410,11.89452,.47974,-.179,.031,
22,2,65,1,AB,3998,2645.00,46.3010,.3119,16.08231,.46333,.731,.039,
25,2,66,1,AB,6307,1805.00,64.6347,.7961,20.14075,.40293,-1.054,.031,
21,2,67,1,AB,4828,1965.00,55.0961,.7811,16.37590,.41356,-.726,.035,
28,2,68,1,AB,2197,1865.00,30.7526,.4807,17.77095,.49974,-.097,.052,
37,3,11,0,5G,123,1805.00,64.6319,.6992,23.98811,.46049,-.403,.218,
31,3,12,1,5G,3102,1820.00,47.3726,.3772,18.48989,.48476,.496,.044,
33,3,13,1,5G,4098,1810.00,36.4872,.4427,24.21723,.49676,.150,.038,
38,3,14,1,5G,1647,1875.00,33.7649,.5234,16.96800,.49960,-.335,.060,
35,3,15,1,5G,3840,1820.00,66.8528,.7391,21.55030,.43920,-.706,.040,
36,3,16,1,5G,4302,1825.00,54.6535,.6002,26.25474,.48992,-.323,.037,
32,3,17,1,5G,3760,2165.00,38.9406,.4625,21.06935,.49866,.138,.040,
34,3,18,1,5G,6006,1945.00,36.5175,.6051,15.35681,.48888,-.582,.032,
31,3,21,1,5G,1221,2380.00,48.1359,.2121,17.89655,.40898,.767,.070,
36,3,22,1,5G,2759,18000.00,53.1377,.5477,21.90799,.49781,-.154,.047,
35,3,23,1,5G,2368,1865.00,46.6319,.5866,19.65344,.49255,-.325,.050,
34,3,24,1,5G,5239,1830.00,42.8862,.7425,13.23475,.43729,-.830,.034,
38,3,25,1,5G,819,38015.00,42.0114,.3394,21.46794,.47381,.711,.085,
32,3,26,1,5G,3484,1810.00,60.2503,.8011,14.91640,.39924,-.643,.041,
33,3,27,1,5G,6563,2610.00,35.6401,.4339,23.55238,.49566,.139,.030,
37,3,28,1,5G,682,17695.00,13.1821,.0762,12.83953,.26559,1.514,.094,
38,3,31,1,5G,1049,32455.00,51.7665,.4938,20.71786,.50020,.086,.076,
35,3,32,1,5G,2516,17075.00,52.7501,.5596,26.44617,.49653,-.141,.049,
31,3,33,1,5G,4397,7685.00,39.0207,.4630,22.90066,.49869,.105,.037,
33,3,34,1,5G,5580,2735.00,31.8173,.5668,16.89936,.49556,-.447,.033,
34,3,35,1,5G,5201,1805.00,68.5531,.7579,20.52341,.42838,-.716,.034,
37,3,36,1,5G,768,2460.00,45.8332,.3971,20.77590,.48962,.367,.088,
36,3,37,1,5G,5850,4225.00,40.4999,.4740,24.48325,.49937,.004,.032,
32,3,38,1,5G,4911,2245.00,27.4420,.3549,16.40718,.47854,.233,.035,
35,3,41,1,5G,1855,17935.00,57.2084,.5801,26.53588,.49368,-.247,.057,
38,3,42,0,5G,,,,,,,,,
34,3,43,1,5G,6337,1805.00,51.5828,.6958,17.93962,.46012,-.516,.031,
32,3,44,1,5G,3565,1835.00,27.9020,.4816,17.19525,.49973,-.166,.041,
36,3,45,1,5G,6381,4530.00,57.3748,.5632,21.87768,.49602,-.001,.031,
31,3,46,1,5G,7061,1995.00,56.3238,.6338,21.54868,.48181,-.267,.029,
33,3,47,1,5G,7377,1805.00,40.2135,.5163,23.63556,.49977,-.138,.029,
37,3,48,1,5G,1798,13555.00,23.9388,.2380,14.94004,.42600,.458,.058,
31,3,51,1,5G,4723,2065.00,64.6892,.6890,20.70144,.46296,-.513,.036,
34,3,52,1,5G,5161,1805.00,63.0039,.8066,17.74217,.39498,-.796,.034,
38,3,53,0,5G,109,2065.00,43.9437,.5413,26.46677,.50059,-.160,.231,
35,3,54,0,5G,367,1815.00,29.9790,.4578,18.52642,.49889,.044,.127,
32,3,55,1,5G,2748,1805.00,55.5469,.5608,22.81226,.49638,-.201,.047,
33,3,56,1,5G,5370,9280.00,45.3469,.5002,24.81702,.50005,.049,.033,
37,3,57,1,5G,578,2255.00,27.4774,.2059,19.55432,.40470,.709,.102,
36,3,58,1,5G,5797,1805.00,28.3065,.3788,17.44164,.48513,.265,.032,
33,3,61,1,5G,3087,2380.00,55.1537,.5196,23.62034,.49970,.044,.044,
37,3,62,0,5G,227,1930.00,54.9085,.6256,22.73720,.48505,-.370,.162,
31,3,63,1,5G,5380,1910.00,44.2523,.6193,21.10501,.48560,-.461,.033,
34,3,64,1,5G,4990,1805.00,41.3101,.7537,13.94948,.43089,-.886,.035,
35,3,65,1,5G,1031,15395.00,43.6014,.4074,30.40439,.49158,.419,.076,
38,3,66,1,5G,1893,24030.00,44.8549,.3862,18.59421,.48700,.470,.056,
36,3,67,1,5G,5900,9795.00,22.7931,.2032,19.83762,.40243,1.117,.032,
32,3,68,1,5G,2250,1820.00,20.5019,.1982,15.14036,.39875,.777,.052,
48,4,11,1,AB,3398,1815.00,64.8956,.7163,21.52427,.45086,-.651,.042,
42,4,12,1,AB,1980,2165.00,68.2691,.7126,26.88447,.45265,-.560,.055,
45,4,13,1,AB,3790,1960.00,20.6632,.1361,15.73664,.34299,1.069,.040,
43,4,14,1,AB,2006,1805.00,15.0138,.0837,12.55453,.27708,1.777,.055,
41,4,15,1,AB,6676,1980.00,26.7083,.0520,11.39388,.22200,1.537,.030,
47,4,16,1,AB,6173,2185.00,31.3022,.1716,16.09694,.37702,.942,.031,
46,4,17,1,AB,5308,2155.00,36.6810,.4079,17.71633,.49149,.003,.034,
44,4,18,1,AB,5248,2235.00,18.5237,.1454,14.19112,.35253,.794,.034,
48,4,21,1,AB,2757,1820.00,60.1814,.6333,23.21568,.48199,-.302,.047,
45,4,22,1,AB,2197,4985.00,46.9615,.4115,19.06935,.49221,.369,.052,
41,4,23,1,AB,1004,1815.00,52.1831,.8327,11.81811,.37346,-.763,.077,
43,4,24,1,AB,5204,1855.00,21.4903,.2158,14.88719,.41141,.538,.034,
44,4,25,1,AB,5742,7040.00,36.3955,.2133,19.31971,.40970,1.139,.032,
47,4,26,1,AB,5488,1860.00,40.2273,.4419,18.27523,.49666,-.065,.033,
46,4,27,1,AB,4013,2055.00,41.8771,.5074,15.36685,.50001,-.070,.039,
42,4,28,1,AB,3159,1805.00,44.8373,.6872,19.09655,.46369,-.564,.044,
47,4,31,1,AB,5986,1805.00,51.4500,.5294,19.62422,.49918,-.107,.032,
41,4,32,1,AB,7601,1805.00,40.5316,.2830,14.99600,.45048,.556,.028,
43,4,33,1,AB,2695,2230.00,44.0103,.6315,13.98380,.48248,-.492,.047,
48,4,34,1,AB,6925,1805.00,34.9477,.5067,15.74197,.49999,-.318,.029,
45,4,35,1,AB,6417,8005.00,42.2287,.3650,21.98794,.48146,.411,.031,
46,4,36,1,AB,6373,1810.00,44.0199,.5042,16.60222,.50002,-.172,.031,
42,4,37,1,AB,5063,1805.00,61.3556,.7784,22.67462,.41537,-1.083,.034,
44,4,38,1,AB,5188,10655.00,14.2367,.0788,12.78028,.26951,1.171,.034,
43,4,41,1,AB,1254,2010.00,81.3460,.9514,12.88999,.21521,-1.786,.069,
44,4,42,1,AB,6611,6915.00,41.1054,.3175,19.83202,.46554,.530,.030,
47,4,43,1,AB,5963,1805.00,36.2200,.4779,21.04181,.49956,-.224,.032,
46,4,44,1,AB,4886,1850.00,29.9697,.3874,15.74987,.48721,.016,.035,
42,4,45,1,AB,2992,1995.00,83.3035,.8930,20.01520,.30910,-1.552,.045,
45,4,46,1,AB,5864,1875.00,37.2052,.3914,22.78747,.48810,.300,.032,
41,4,47,1,AB,7184,1805.00,33.7774,.3590,18.16186,.47974,.046,.029,
48,4,48,1,AB,6709,1805.00,34.9067,.5622,18.39938,.49615,-.448,.030,
45,4,51,1,AB,3456,1830.00,51.5143,.5119,21.60938,.49993,-.121,.042,
48,4,52,1,AB,6521,1805.00,65.5479,.7482,21.99046,.43408,-.773,.030,
44,4,53,1,AB,7323,1805.00,29.2323,.2540,17.43611,.43532,.306,.029,
42,4,54,1,AB,1459,1805.00,64.1004,.9102,15.29804,.28598,-2.115,.064,
46,4,55,1,AB,5275,1805.00,48.9873,.4718,21.33601,.49925,.099,.034,
41,4,56,1,AB,7591,2125.00,23.4115,.0211,7.55446,.14365,1.526,.028,
43,4,57,1,AB,4340,2070.00,67.5769,.9514,11.89431,.21509,-2.349,.037,
47,4,58,1,AB,5519,1960.00,29.8578,.3876,16.97815,.48724,.053,.033,
41,4,61,1,AB,6555,1805.00,61.0332,.6712,18.13105,.46980,-.303,.030,
46,4,62,1,AB,4246,2275.00,50.8635,.5165,19.56154,.49979,-.167,.038,
45,4,63,1,AB,4656,1845.00,24.0839,.2161,18.13547,.41160,.779,.036,
44,4,64,1,AB,6200,15330.00,23.0044,.1868,14.95832,.38976,.840,.031,
48,4,65,1,AB,6309,1805.00,64.4338,.7293,19.98363,.44437,-.555,.031,
42,4,66,1,AB,1774,1805.00,80.2444,.9036,19.43039,.29521,-2.451,.058,
43,4,67,1,AB,3662,4280.00,49.9199,.6928,19.33085,.46140,-.676,.040,
47,4,68,1,AB,5849,1810.00,33.2384,.4724,17.56559,.49928,-.152,.032,
53,5,11,1,5G,2280,1805.00,41.4673,.1890,17.13228,.39162,1.328,.051,
57,5,12,1,5G,6330,1805.00,79.1767,.8305,18.81119,.37523,-.732,.031,
51,5,13,1,5G,5357,2385.00,46.1070,.4424,28.94548,.49672,.176,.033,
54,5,14,1,5G,6651,5315.00,36.9839,.5142,19.18825,.49984,-.146,.030,
55,5,15,1,5G,6072,1810.00,67.5746,.6448,28.50889,.47862,-.523,.031,
58,5,16,1,5G,6414,5775.00,67.2826,.7136,23.57504,.45212,-.718,.031,
56,5,17,1,5G,6197,3195.00,31.4282,.2616,21.88366,.43953,.790,.031,
52,5,18,1,5G,6404,2020.00,40.5075,.5503,20.88831,.49750,-.281,.031,
53,5,21,1,5G,1671,29875.00,44.5762,.3273,16.58950,.46939,.563,.060,
57,5,22,1,5G,6624,4315.00,50.5208,.4995,16.66096,.50004,.279,.030,
51,5,23,1,5G,6058,2420.00,35.8452,.4236,24.37585,.49417,.124,.031,
54,5,24,1,5G,3109,10125.00,18.1579,.1940,15.51669,.39546,.924,.044,
55,5,25,1,5G,4726,1805.00,60.6366,.6708,22.43875,.46999,-.385,.036,
58,5,26,1,5G,5426,7705.00,70.1045,.7999,19.65394,.40015,-.988,.033,
56,5,27,1,5G,4710,2535.00,27.3916,.2437,23.25719,.42938,.965,.036,
52,5,28,1,5G,5574,1970.00,22.7334,.2696,17.64866,.44382,.618,.033,
51,5,31,1,5G,5289,1875.00,53.7546,.5010,26.82793,.50005,.052,.034,
54,5,32,1,5G,5568,3120.00,47.5921,.4734,19.45921,.49934,.180,.033,
58,5,33,1,5G,3699,1865.00,36.5663,.3828,18.51617,.48614,.256,.040,
55,5,34,1,5G,5107,1860.00,29.0562,.4703,18.73622,.49917,-.105,.034,
52,5,35,1,5G,4020,1805.00,61.0423,.6391,22.67944,.48033,-.321,.039,
53,5,36,1,5G,5395,1870.00,40.0354,.2664,17.70990,.44209,.749,.033,
57,5,37,1,5G,2863,9065.00,13.3201,.0241,11.17941,.15339,1.736,.046,
56,5,38,1,5G,5523,1820.00,43.0921,.7277,15.52497,.44519,-.983,.033,
51,5,41,1,5G,2875,2005.00,47.4729,.3781,25.73243,.48499,.514,.046,
56,5,42,1,5G,4815,3000.00,60.9501,.7377,20.01821,.43993,-.655,.035,
55,5,43,1,5G,5972,1805.00,31.6947,.3942,25.36704,.48871,.210,.032,
54,5,44,1,5G,4929,8425.00,19.5662,.2037,15.15569,.40278,.923,.035,
58,5,45,1,5G,3547,2070.00,51.3544,.4345,20.69318,.49575,.346,.041,
52,5,46,1,5G,6015,1805.00,58.6241,.6261,23.19934,.48388,-.306,.032,
53,5,47,1,5G,6448,7780.00,32.9428,.2725,17.16175,.44527,.691,.030,
57,5,48,1,5G,1379,16040.00,9.4516,.0399,10.23406,.19576,1.882,.066,
58,5,51,1,5G,6822,1805.00,68.3867,.7976,17.74932,.40184,-.874,.030,
55,5,52,1,5G,5822,2340.00,45.1173,.4888,26.64440,.49992,.031,.032,
51,5,53,1,5G,2593,14800.00,40.2973,.4373,15.80733,.49615,.094,.048,
53,5,54,1,5G,2576,2330.00,28.5787,.3932,20.14449,.48857,.191,.048,
54,5,55,1,5G,5656,3715.00,49.4045,.2841,18.33434,.45104,1.028,.033,
57,5,56,1,5G,2492,8540.00,23.3130,.1039,18.29099,.30523,2.218,.049,
56,5,57,1,5G,5336,1820.00,49.3602,.6413,19.75116,.47966,-.473,.034,
52,5,58,1,5G,4869,1955.00,30.0258,.4527,18.67959,.49780,-.014,.035,
57,5,61,1,5G,1240,4780.00,33.7012,.1629,18.52997,.36943,1.180,.069,
51,5,62,1,5G,6020,2240.00,37.5179,.2997,25.31178,.45815,.834,.032,
53,5,63,1,5G,7288,4525.00,32.5760,.2702,15.55504,.44408,.681,.029,
58,5,64,1,5G,6602,1940.00,27.6141,.3151,14.15324,.46457,.311,.030,
55,5,65,1,5G,6836,1925.00,54.6023,.5420,24.95888,.49827,-.089,.030,
56,5,66,1,5G,6726,1805.00,70.8831,.8424,18.84898,.36439,-1.133,.030,
52,5,67,1,5G,6861,1820.00,37.4981,.4292,21.57975,.49500,.204,.030,
54,5,68,1,5G,7274,4085.00,21.4276,.2055,13.91269,.40411,.806,.029,
68,6,11,1,AB,5400,1825.00,62.7097,.6706,22.69236,.47006,-.561,.033,
62,6,12,1,AB,4901,1910.00,47.8975,.3681,18.69598,.48233,.598,.035,
65,6,13,1,AB,1492,1810.00,15.8563,.0543,14.50335,.22666,1.869,.063,
63,6,14,1,AB,4565,1805.00,43.0846,.6846,17.85018,.46474,-.733,.036,
61,6,15,1,AB,4795,1920.00,43.4192,.3912,22.65200,.48808,.279,.035,
67,6,16,1,AB,6891,1915.00,34.6834,.1902,14.86712,.39253,.638,.030,
66,6,17,1,AB,6088,1815.00,60.8386,.9192,12.07363,.27257,-1.835,.031,
64,6,18,1,AB,5441,1905.00,36.6982,.6012,19.45037,.48970,-.503,.033,
65,6,21,1,AB,7744,3930.00,62.4824,.6618,21.38164,.47313,-.384,.028,
68,6,22,1,AB,9465,1805.00,63.4220,.8059,17.87207,.39551,-1.015,.025,
64,6,23,1,AB,9689,3295.00,36.7710,.4069,24.48166,.49127,.153,.025,
62,6,24,1,AB,9599,24930.00,13.7036,.0426,9.53491,.20198,1.545,.025,
66,6,25,1,AB,9298,1980.00,84.7386,.9900,8.19336,.09951,-3.007,.025,
61,6,26,1,AB,9633,2235.00,34.6315,.3435,24.47602,.47490,.473,.025,
63,6,27,1,AB,9624,1805.00,45.8697,.6246,23.11363,.48426,-.520,.025,
67,6,28,1,AB,9656,1820.00,34.3024,.5461,17.10070,.49790,-.515,.025,
65,6,31,1,AB,2602,1805.00,53.0188,.4954,20.87533,.50007,.234,.048,
68,6,32,1,AB,5190,1860.00,59.5071,.6651,21.52797,.47199,-.339,.034,
64,6,33,1,AB,5880,1805.00,35.7244,.4310,23.99710,.49525,.041,.032,
62,6,34,1,AB,5422,8300.00,17.3866,.1020,12.74169,.30267,.689,.033,
66,6,35,1,AB,5845,1820.00,76.2277,.9160,16.14309,.27742,-1.309,.032,
61,6,36,1,AB,5906,1890.00,38.8343,.3813,27.39775,.48575,.402,.032,
63,6,37,1,AB,6403,1805.00,38.5313,.4831,24.76293,.49975,-.103,.031,
67,6,38,1,AB,6679,1805.00,45.9434,.8479,10.70464,.35916,-1.201,.030,
68,6,41,1,AB,4286,1805.00,63.6253,.7538,18.00409,.43082,-.643,.037,
62,6,42,1,AB,6206,7095.00,36.5816,.2573,15.92431,.43720,.573,.031,
65,6,43,1,AB,5865,1910.00,37.1980,.4205,19.50965,.49367,.004,.032,
63,6,44,1,AB,4967,1805.00,33.4578,.5243,18.73424,.49946,-.313,.035,
61,6,45,1,AB,5153,2375.00,42.5863,.3429,22.19597,.47473,.638,.034,
67,6,46,1,AB,7237,1805.00,50.9779,.5625,22.13177,.49611,-.161,.029,
66,6,47,1,AB,7031,1805.00,58.8418,.8966,13.10807,.30450,-1.486,.029,
64,6,48,1,AB,3918,3575.00,26.4010,.3504,19.06100,.47717,.255,.039,
68,6,51,1,AB,2892,1840.00,68.5867,.7981,17.65888,.40151,-.728,.046,
65,6,52,1,AB,2365,1810.00,55.2306,.6169,19.19581,.48624,.028,.050,
61,6,53,1,AB,4783,1810.00,35.8529,.4202,26.41376,.49365,.268,.035,
63,6,54,1,AB,2648,1840.00,28.1696,.4045,15.69494,.49088,-.046,.048,
64,6,55,1,AB,4938,1820.00,48.5911,.4467,26.38289,.49721,.201,.035,
67,6,56,1,AB,7139,1810.00,53.6207,.6147,23.32973,.48671,-.348,.029,
66,6,57,1,AB,5682,1805.00,63.6449,.9000,14.17249,.29998,-1.594,.032,
62,6,58,1,AB,6114,2055.00,34.3919,.5214,17.48155,.49958,-.195,.031,
67,6,61,1,AB,6724,1805.00,70.6694,.7991,19.78130,.40072,-.853,.030,
61,6,62,1,AB,4035,2160.00,41.3158,.4094,22.31627,.49179,.264,.039,
63,6,63,1,AB,5811,1805.00,42.6792,.5054,25.64082,.50001,-.037,.032,
68,6,64,1,AB,6796,1915.00,35.8916,.5868,14.05483,.49244,-.619,.030,
65,6,65,1,AB,5802,1810.00,64.6448,.6680,21.91870,.47096,-.163,.032,
66,6,66,1,AB,6191,1805.00,69.8372,.8677,17.14773,.33883,-1.608,.031,
62,6,67,1,AB,7546,1805.00,42.6953,.5243,18.57107,.49944,-.113,.028,
64,6,68,1,AB,4435,2585.00,24.2509,.2821,17.52566,.45006,.323,.037,
71,7,11,1,5G,5219,1805.00,71.9634,.8095,20.31530,.39270,-1.011,.034,
74,7,12,1,5G,6622,1835.00,68.0577,.7513,22.45649,.43230,-.830,.030,
78,7,13,1,5G,7386,1840.00,48.9698,.6013,19.77460,.48967,-.223,.028,
75,7,14,1,5G,5733,1840.00,29.2148,.4235,18.67901,.49416,.101,.032,
72,7,15,1,5G,6973,2550.00,60.5128,.6147,24.80506,.48671,-.445,.029,
73,7,16,1,5G,5942,2190.00,48.0837,.5478,27.26166,.49775,-.174,.032,
77,7,17,1,5G,6821,2190.00,62.6559,.8499,16.72787,.35722,-1.399,.030,
76,7,18,1,5G,6999,1900.00,31.0277,.4546,20.71188,.49797,.018,.029,
71,7,21,0,5G,196,7495.00,47.7636,.3571,20.44618,.48038,.491,.174,
76,7,22,1,5G,6579,5255.00,48.1919,.4931,24.84826,.49999,.101,.030,
75,7,23,1,5G,6133,7035.00,24.8510,.1914,18.63905,.39345,1.125,.031,
74,7,24,1,5G,4301,5955.00,29.8104,.4018,18.40008,.49031,.381,.037,
78,7,25,1,5G,5356,1805.00,62.2189,.6606,20.32356,.47356,-.385,.033,
72,7,26,1,5G,3390,2145.00,45.8129,.3611,17.39984,.48038,.616,.042,
73,7,27,1,5G,4122,1805.00,27.6086,.2475,20.57947,.43158,.880,.038,
77,7,28,1,5G,5997,2280.00,37.8105,.6053,18.25237,.48883,-.474,.032,
73,7,31,1,5G,2911,2420.00,55.2664,.5060,21.33571,.50005,.173,.045,
74,7,32,1,5G,4341,1810.00,55.6453,.6471,18.02084,.47793,-.389,.037,
77,7,33,1,5G,4810,1870.00,46.5987,.5682,21.00566,.49538,-.212,.035,
76,7,34,1,5G,7941,3360.00,32.1812,.5147,18.70499,.49982,-.160,.027,
72,7,35,1,5G,3528,1820.00,62.8482,.6397,22.55743,.48014,-.283,.041,
75,7,36,1,5G,7631,4715.00,40.1665,.3499,24.15333,.47697,.545,.028,
71,7,37,1,5G,4325,1815.00,55.0070,.7047,22.71114,.45621,-.655,.037,
78,7,38,1,5G,7990,1805.00,35.8635,.5526,17.03843,.49726,-.315,.027,
73,7,41,1,5G,4081,2140.00,58.8330,.6119,20.17904,.48739,-.198,.038,
77,7,42,1,5G,6519,1805.00,58.8805,.6461,18.68844,.47821,-.250,.030,
71,7,43,1,5G,3045,4045.00,52.5923,.6424,19.22470,.47938,-.311,.044,
74,7,44,1,5G,2721,13035.00,11.9943,.0430,9.22073,.20289,2.055,.047,
75,7,45,1,5G,8111,4740.00,44.2796,.3281,23.35630,.46954,.652,.027,
78,7,46,1,5G,8394,1805.00,52.0879,.5964,20.89014,.49065,-.302,.027,
76,7,47,1,5G,9068,2925.00,37.7163,.4563,21.24460,.49812,.085,.026,
72,7,48,1,5G,3776,2550.00,14.3250,.1520,16.76564,.35908,1.469,.040,
75,7,51,1,5G,2789,2570.00,52.5263,.4955,22.21106,.50007,.047,.046,
78,7,52,1,5G,4219,1805.00,60.5565,.6065,22.91447,.48857,-.161,.038,
74,7,53,1,5G,2804,8215.00,39.9158,.4825,20.40773,.49978,.164,.046,
72,7,54,1,5G,2722,2725.00,28.1356,.4243,19.46058,.49433,.146,.047,
76,7,55,1,5G,6829,1805.00,63.7560,.6310,21.34414,.48257,-.179,.030,
71,7,56,1,5G,4118,4680.00,67.9043,.7999,21.32966,.40012,-1.057,.038,
73,7,57,1,5G,5928,1805.00,35.6483,.4411,19.94435,.49656,.077,.032,
77,7,58,1,5G,4761,1905.00,39.5552,.6751,16.07966,.46840,-.701,.035,
77,7,61,1,5G,4811,1815.00,64.7668,.7423,20.07347,.43744,-.696,.035,
71,7,62,1,5G,4059,1805.00,60.6603,.6438,23.20073,.47895,-.378,.038,
73,7,63,1,5G,6294,2030.00,38.6423,.5114,20.33109,.49991,-.145,.031,
78,7,64,1,5G,6201,3260.00,30.5562,.4378,18.92998,.49616,-.081,.031,
75,7,65,1,5G,7044,6060.00,50.6795,.4005,22.55548,.49003,.528,.029,
76,7,66,1,5G,7361,1805.00,61.6745,.9366,9.07191,.24377,.048,.029,
72,7,67,1,5G,4966,6070.00,25.8511,.2008,18.07453,.40061,1.150,.035,
74,7,68,1,5G,6831,2360.00,21.9951,.2449,16.65688,.43007,.736,.030,
83,8,11,1,AB,4640,1805.00,61.5927,.6619,22.15864,.47313,-.470,.036,
87,8,12,1,AB,6159,1875.00,53.8292,.6439,20.63893,.47887,-.494,.031,
81,8,13,1,AB,7339,1910.00,32.4795,.3443,21.21940,.47518,.497,.029,
84,8,14,0,AB,132,2035.00,35.1311,.4697,15.38522,.50098,-.242,.211,
85,8,15,1,AB,4993,1830.00,50.7341,.5187,20.16159,.49970,.094,.035,
88,8,16,1,AB,4665,2015.00,61.6916,.6617,26.31702,.47317,-.499,.036,
86,8,17,0,AB,172,1980.00,21.7086,.2558,24.89550,.43759,1.094,.185,
82,8,18,1,AB,6262,2270.00,34.4480,.4994,19.45035,.50004,-.087,.031,
81,8,21,1,AB,5867,2685.00,56.7182,.5349,20.76513,.49883,.167,.032,
86,8,22,1,AB,4060,6630.00,36.7825,.2877,20.13808,.45274,.754,.038,
85,8,23,1,AB,3871,6945.00,32.9353,.2278,14.83576,.41950,.860,.039,
84,8,24,1,AB,1184,31585.00,22.4050,.1410,12.88239,.34822,.326,.071,
88,8,25,1,AB,2518,2055.00,52.5722,.5262,24.17944,.49941,.041,.049,
82,8,26,1,AB,7485,1865.00,58.9362,.6538,20.89836,.47578,-.354,.028,
83,8,27,1,AB,5682,1865.00,34.0861,.3882,23.14079,.48739,.217,.032,
87,8,28,1,AB,5178,4360.00,22.8545,.2316,14.37305,.42187,.344,.034,
88,8,31,1,AB,3777,1885.00,49.1642,.4241,23.33222,.49428,.330,.040,
85,8,32,1,AB,5637,2150.00,40.3472,.3394,16.71182,.47354,.208,.033,
81,8,33,1,AB,5397,1850.00,41.4859,.5585,23.86589,.49662,-.268,.033,
83,8,34,1,AB,2986,27050.00,7.6992,.0147,8.18588,.12051,2.541,.045,
84,8,35,1,AB,3014,35430.00,20.3075,.0727,15.29046,.25962,2.430,.045,
87,8,36,1,AB,7342,7095.00,31.4327,.1411,14.44438,.34815,.722,.029,
86,8,37,1,AB,2903,33065.00,23.7277,.2156,20.62754,.41134,.625,.045,
82,8,38,1,AB,7064,4070.00,27.0032,.3979,18.26797,.48951,.049,.029,
83,8,41,0,AB,73,2230.00,35.1202,.1644,23.03472,.37319,1.001,.281,
84,8,42,1,AB,2832,5620.00,34.1869,.2765,18.20281,.44734,.328,.046,
87,8,43,1,AB,2622,1805.00,33.0373,.3482,13.75656,.47649,-.207,.048,
86,8,44,1,AB,1413,5240.00,51.2620,.8754,12.60948,.33033,-1.831,.065,
82,8,45,1,AB,6043,1805.00,57.0061,.5888,22.45112,.49210,-.168,.032,
85,8,46,1,AB,2961,1805.00,31.2716,.2053,15.98718,.40402,.610,.045,
81,8,47,1,AB,6595,11585.00,27.0657,.1813,17.49684,.38534,.931,.030,
88,8,48,1,AB,2408,1810.00,28.4715,.4390,17.68736,.49636,-.032,.050,
88,8,51,0,AB,295,1825.00,28.1207,.2237,27.27150,.41745,1.250,.142,
82,8,52,1,AB,6327,1805.00,46.0351,.4467,21.43611,.49719,.130,.031,
85,8,53,1,AB,3490,1960.00,42.4550,.4785,14.31001,.49961,.226,.041,
83,8,54,1,AB,2611,1930.00,32.5219,.4990,17.35740,.50009,-.325,.048,
81,8,55,1,AB,5132,1820.00,45.4538,.3827,22.56347,.48609,.494,.034,
87,8,56,1,AB,5262,1805.00,50.3562,.5534,19.22912,.49719,-.083,.034,
86,8,57,0,AB,349,1805.00,68.8579,.9112,16.29499,.28490,-1.820,.131,
84,8,58,1,AB,3608,2465.00,21.8745,.2384,14.92068,.42614,.324,.041,
81,8,61,1,AB,3922,1830.00,60.0102,.6486,19.01167,.47745,-.226,.039,
84,8,62,1,AB,4174,2525.00,44.6162,.4708,19.72779,.49920,-.130,.038,
88,8,63,1,AB,2048,1830.00,32.9952,.3516,23.80109,.47757,.340,.054,
85,8,64,1,AB,3474,5600.00,24.7568,.2608,15.03142,.43913,.302,.042,
82,8,65,1,AB,6880,1975.00,57.4550,.5797,23.84771,.49365,-.134,.030,
83,8,66,1,AB,5304,1805.00,38.3981,.3682,23.48927,.48236,.350,.034,
87,8,67,1,AB,5493,2735.00,33.0977,.3435,19.48681,.47493,.352,.033,
86,8,68,1,AB,3246,1975.00,59.8148,.9861,6.09088,.11694,-6.332,.043,
97,9,11,1,5G,6990,1805.00,77.3828,.8260,21.32739,.37910,-1.040,.029,
91,9,12,1,5G,6774,2265.00,57.2804,.5872,27.32059,.49237,-.246,.030,
93,9,13,1,5G,6318,3260.00,39.8440,.5150,24.28922,.49981,-.202,.031,
98,9,14,1,5G,4918,1805.00,41.9419,.6600,18.60820,.47375,-.541,.035,
95,9,15,1,5G,7406,3890.00,51.5661,.3827,20.19547,.48607,.483,.028,
96,9,16,1,5G,5654,10825.00,54.2026,.6947,17.34429,.46056,-.602,.033,
92,9,17,1,5G,7343,1865.00,51.2680,.7176,18.42369,.45022,-.687,.029,
94,9,18,1,5G,7276,1855.00,41.8510,.6930,15.73392,.46130,-.807,.029,
93,9,21,1,5G,4258,2095.00,49.0022,.3760,21.68413,.48444,.501,.038,
94,9,22,1,5G,7591,1935.00,59.4238,.5630,20.91921,.49604,-.056,.028,
97,9,23,1,5G,7623,1805.00,59.9350,.8578,16.48227,.34928,-1.452,.028,
96,9,24,1,5G,2439,20985.00,27.2481,.3940,19.19467,.48874,.199,.050,
92,9,25,1,5G,7858,2410.00,63.7873,.6164,24.08642,.48628,-.100,.028,
95,9,26,1,5G,7822,7035.00,35.7835,.1824,14.32313,.38623,1.044,.028,
91,9,27,1,5G,7506,2065.00,36.7485,.4335,29.06320,.49559,.243,.028,
98,9,28,1,5G,4920,1805.00,37.1258,.5533,19.90667,.49721,-.234,.035,
93,9,31,1,5G,4396,5285.00,56.5231,.5644,23.12071,.49589,-.196,.037,
97,9,32,1,5G,5658,1825.00,75.1498,.8162,20.75810,.38736,-1.010,.033,
91,9,33,1,5G,5646,2790.00,32.7239,.3936,27.17409,.48858,.315,.033,
94,9,34,1,5G,6137,2315.00,33.0128,.4895,15.88586,.49993,-.104,.031,
95,9,35,1,5G,6285,13295.00,37.8982,.1053,13.55776,.30700,1.699,.031,
98,9,36,1,5G,5025,1805.00,61.9075,.7164,22.54300,.45078,-.545,.035,
96,9,37,1,5G,2989,11035.00,27.9243,.2620,20.35707,.43977,.877,.045,
92,9,38,1,5G,3947,13505.00,34.6928,.5260,19.00948,.49939,-.216,.039,
91,9,41,1,5G,6290,1820.00,36.0305,.2444,24.22828,.42974,.911,.031,
96,9,42,1,5G,7294,1805.00,51.3726,.6163,17.60698,.48633,-.189,.029,
95,9,43,1,5G,7757,1945.00,38.4113,.4045,12.60623,.49083,.383,.028,
94,9,44,1,5G,6226,1805.00,38.9631,.6450,16.73685,.47854,-.458,.031,
98,9,45,1,5G,7767,1805.00,68.9329,.8113,18.93181,.39133,-.743,.028,
92,9,46,1,5G,5370,1810.00,55.5385,.5445,22.67073,.49806,-.026,.033,
93,9,47,1,5G,1827,4530.00,26.3332,.1752,16.72406,.38020,1.337,.057,
97,9,48,1,5G,6920,2775.00,44.0020,.7652,15.77057,.42392,-1.088,.029,
98,9,51,1,5G,6275,1805.00,69.6238,.7893,19.84436,.40782,-.589,.031,
95,9,52,1,5G,7029,3885.00,39.1445,.2069,12.30750,.40508,1.104,.029,
91,9,53,1,5G,5264,5870.00,28.8237,.2301,18.28644,.42091,.837,.034,
93,9,54,1,5G,3071,3140.00,29.4088,.4126,18.85240,.49238,.132,.044,
94,9,55,1,5G,6482,1805.00,65.4126,.6695,22.11215,.47041,-.294,.030,
97,9,56,1,5G,6435,3135.00,68.1856,.7767,20.23645,.41650,-.764,.031,
96,9,57,1,5G,4658,1805.00,25.4187,.1878,16.96025,.39063,1.187,.036,
92,9,58,1,5G,4569,1900.00,36.5241,.5378,19.49111,.49863,-.289,.036,
95,9,61,1,5G,7347,5900.00,46.7198,.3468,16.40548,.47599,.622,.029,
98,9,62,1,5G,6877,2315.00,68.3491,.8024,19.06730,.39823,-.775,.030,
94,9,63,1,5G,6665,2045.00,45.8806,.5425,18.81232,.49822,-.107,.030,
92,9,64,1,5G,3816,1805.00,27.7688,.3113,17.11178,.46309,.496,.040,
96,9,65,1,5G,4200,11360.00,38.9844,.1664,16.96885,.37251,1.527,.038,
91,9,66,1,5G,5344,3720.00,31.4567,.2008,21.35209,.40063,1.223,.033,
93,9,67,1,5G,7017,5790.00,27.1636,.2685,20.97661,.44321,.691,.029,
97,9,68,1,5G,5625,1805.00,42.1080,.6684,16.28414,.47081,-.622,.033,
108,10,11,1,AB,7350,1815.00,49.6666,.4505,21.28480,.49758,.263,.029,
102,10,12,1,AB,7364,1805.00,66.0334,.8891,14.73262,.31409,-1.293,.029,
105,10,13,1,AB,7291,1805.00,25.7653,.1655,14.12600,.37170,.616,.029,
103,10,14,1,AB,4759,1885.00,22.2636,.1305,11.34277,.33688,.660,.035,
101,10,15,1,AB,7425,1805.00,73.9072,.9516,11.97568,.21452,-.630,.028,
107,10,16,1,AB,3194,1810.00,4.9308,.0063,6.26279,.07890,7.756,.043,
106,10,17,1,AB,7232,2255.00,60.9329,.8682,16.13530,.33827,-1.611,.029,
104,10,18,1,AB,4051,1985.00,13.9826,.0185,8.59027,.13482,1.341,.038,
101,10,21,1,AB,7258,1805.00,61.0478,.6922,18.39050,.46161,-.532,.029,
104,10,22,1,AB,5653,4800.00,42.7858,.3701,18.12908,.48287,.575,.033,
108,10,23,1,AB,5366,1915.00,34.3000,.3239,18.32809,.46800,.461,.033,
105,10,24,1,AB,2985,8055.00,29.7003,.3635,13.95510,.48108,-.305,.045,
102,10,25,1,AB,7349,1805.00,72.1513,.7860,20.30289,.41018,-.824,.029,
103,10,26,1,AB,5296,2735.00,77.0596,.9643,9.67893,.18553,-2.558,.034,
107,10,27,1,AB,2687,24400.00,26.7031,.2278,20.35273,.41947,.456,.047,
106,10,28,1,AB,5160,1805.00,55.4930,.9793,7.46213,.14251,-1.248,.034,
108,10,31,1,AB,5368,1805.00,49.2541,.4978,23.16542,.50004,.073,.033,
105,10,32,1,AB,4415,2660.00,50.9695,.6161,19.63702,.48639,-.337,.037,
101,10,33,1,AB,2828,1805.00,63.6487,.9699,8.14583,.17077,-2.119,.046,
103,10,34,1,AB,2566,1810.00,44.1281,.8558,6.33692,.35135,-.470,.048,
104,10,35,1,AB,5032,3200.00,59.2975,.6139,19.05543,.48691,.029,.035,
107,10,36,1,AB,3058,11975.00,25.4517,.1746,22.06400,.37971,.924,.044,
106,10,37,1,AB,3944,1805.00,64.9065,.9828,7.93396,.13019,-1.350,.039,
102,10,38,1,AB,3981,1805.00,48.8747,.9447,7.34532,.22852,-1.692,.039,
105,10,41,1,AB,6653,1805.00,52.3479,.6009,20.13411,.48974,-.261,.030,
108,10,42,1,AB,6190,2010.00,43.1220,.4829,22.03311,.49975,-.092,.031,
104,10,43,1,AB,6086,1810.00,44.7569,.5475,17.77917,.49778,-.156,.031,
102,10,44,1,AB,4039,1805.00,31.7344,.4152,14.60391,.49282,-.295,.039,
106,10,45,1,AB,6693,1805.00,80.5808,.9967,9.79572,.05724,-.772,.030,
101,10,46,1,AB,7085,1810.00,61.6328,.8312,12.90817,.37461,-.259,.029,
103,10,47,1,AB,5907,1805.00,57.4226,.8759,14.19675,.32971,-1.473,.032,
107,10,48,1,AB,2850,5065.00,21.7206,.2140,16.95332,.41022,.741,.046,
103,10,51,1,AB,6480,1835.00,58.4960,.7213,16.80052,.44840,-.371,.030,
104,10,52,1,AB,6057,1885.00,49.7586,.5341,18.40105,.49888,.097,.031,
107,10,53,1,AB,3249,1805.00,26.4994,.2327,20.74766,.42261,.600,.043,
106,10,54,1,AB,3997,1805.00,40.7699,.6880,9.28812,.46336,-.633,.039,
102,10,55,1,AB,5761,1805.00,83.4708,.9877,8.09342,.11034,-2.659,.032,
105,10,56,1,AB,5944,2300.00,47.3324,.5278,19.76091,.49927,-.157,.032,
101,10,57,1,AB,6158,1805.00,53.7736,.7463,15.89625,.43514,-.761,.031,
108,10,58,1,AB,5720,2105.00,29.3777,.3497,16.10297,.47690,.189,.032,
101,10,61,1,AB,6878,1805.00,61.3034,.7650,17.17299,.42400,-.788,.030,
106,10,62,1,AB,5513,2665.00,58.0650,.7346,15.49455,.44157,-.279,.033,
105,10,63,1,AB,4969,1815.00,36.8242,.3920,17.01966,.48825,.038,.035,
104,10,64,1,AB,3420,1805.00,40.0804,.6468,13.36975,.47804,-.594,.042,
108,10,65,1,AB,971,,16.8489,0.0000,5.63368,0.00000,2.474,.078,
102,10,66,1,AB,5808,1860.00,73.4315,.9943,7.55224,.07517,-1.512,.032,
103,10,67,1,AB,4508,1805.00,45.4479,.6382,20.56789,.48058,-.615,.036,
107,10,68,1,AB,3120,5580.00,25.7342,.3147,16.78729,.46449,.207,.044,
113,11,11,1,AB,3268,2045.00,49.1483,.4850,24.31413,.49985,-.048,.043,
117,11,12,1,AB,6018,1840.00,43.4262,.2589,16.54093,.43806,1.124,.032,
111,11,13,1,AB,7144,1820.00,50.1083,.5427,22.92254,.49821,.004,.029,
114,11,14,1,AB,1693,1810.00,21.1058,.1488,13.44931,.35604,.725,.059,
115,11,15,1,AB,7290,1830.00,72.9786,.7429,23.74025,.43705,-.815,.029,
118,11,16,1,AB,6638,1945.00,39.9659,.2782,25.22881,.44817,.900,.030,
116,11,17,1,AB,4654,1805.00,71.8797,.9581,12.58609,.20038,-1.259,.036,
112,11,18,1,AB,6798,1830.00,44.7105,.6917,19.90740,.46184,-.809,.030,
111,11,21,1,AB,7131,4780.00,55.5398,.5441,20.92024,.49809,.060,.029,
114,11,22,1,AB,4585,1810.00,41.1509,.4556,23.31045,.49808,.025,.036,
118,11,23,1,AB,5598,1805.00,46.3229,.5807,25.04709,.49348,-.259,.033,
115,11,24,1,AB,7172,2220.00,41.6959,.6355,17.74549,.48132,-.470,.029,
112,11,25,1,AB,7257,1885.00,81.1086,.9906,9.27884,.09635,-1.473,.029,
113,11,26,1,AB,3822,21910.00,38.3868,.3558,26.37329,.47883,.601,.040,
117,11,27,1,AB,7182,1805.00,49.2547,.7250,15.81772,.44654,-.825,.029,
116,11,28,1,AB,3692,1825.00,59.2489,1.0000,2.95087,0.00000,-.193,.040,
118,11,31,1,AB,3311,1805.00,63.0835,.6605,21.42549,.47360,-.274,.043,
112,11,32,1,AB,5566,1805.00,81.6525,.9896,8.57001,.10156,-2.209,.033,
115,11,33,1,AB,6425,3535.00,47.9100,.5869,23.14509,.49242,-.259,.031,
113,11,34,1,AB,516,1805.00,38.6375,.6725,19.93476,.46976,-.706,.108,
111,11,35,1,AB,6841,1805.00,45.8177,.3903,23.23325,.48785,.333,.030,
117,11,36,1,AB,6112,2080.00,49.2106,.5790,22.22355,.49376,-.329,.031,
116,11,37,0,AB,14,37855.00,68.1244,1.0000,6.60547,0.00000,-.403,.597,
114,11,38,1,AB,3248,2760.00,24.0533,.3368,16.76336,.47270,.393,.043,
117,11,41,1,AB,4047,1805.00,62.3888,.7522,17.15128,.43181,-.542,.038,
111,11,42,1,AB,5538,5100.00,42.4399,.3245,20.85533,.46822,.739,.033,
113,11,43,0,AB,115,2785.00,27.2217,.2783,16.69518,.45010,.354,.226,
118,11,44,1,AB,1375,1835.00,44.0985,.8364,12.28919,.37008,-1.439,.066,
115,11,45,1,AB,6181,1805.00,49.3895,.4436,18.78708,.49685,.266,.031,
116,11,46,0,AB,66,3340.00,85.6818,1.0000,4.00349,0.00000,-1.215,.295,
112,11,47,1,AB,5331,1875.00,56.8293,.8353,17.65772,.37094,-1.531,.034,
114,11,48,1,AB,1238,2190.00,26.3710,.2908,15.86804,.45431,.338,.070,
118,11,51,1,AB,2927,2010.00,61.0371,.6809,19.76031,.46621,-.300,.045,
115,11,52,1,AB,6677,1920.00,52.6515,.5600,24.77370,.49643,-.191,.030,
111,11,53,1,AB,1094,1805.00,57.0860,.7587,21.88835,.42808,-.861,.074,
113,11,54,1,AB,5314,1820.00,23.3165,.2687,17.61904,.44334,.576,.034,
114,11,55,1,AB,3000,2085.00,53.1231,.4950,19.79267,.50006,.186,.045,
117,11,56,1,AB,6556,1805.00,41.9278,.4474,18.10600,.49726,-.048,.030,
116,11,57,0,AB,53,1850.00,60.4161,.7358,23.71775,.44510,-.947,.327,
112,11,58,1,AB,6512,1840.00,50.1343,.8814,14.09550,.32328,-2.044,.030,
113,11,61,1,AB,1915,3845.00,52.7541,.5587,25.33263,.49667,-.190,.056,
117,11,62,1,AB,5535,1810.00,53.1053,.5780,22.61827,.49393,-.175,.033,
111,11,63,1,AB,7181,2725.00,34.9295,.3408,23.46938,.47400,.615,.029,
114,11,64,1,AB,827,1815.00,39.1082,.6663,16.64787,.47183,-.801,.085,
115,11,65,1,AB,7740,1805.00,61.3979,.6209,23.63204,.48519,-.286,.028,
118,11,66,1,AB,4673,1805.00,46.4921,.5284,20.51265,.49925,.022,.036,
116,11,67,0,AB,135,2385.00,72.7944,1.0000,2.20298,0.00000,-.554,.209,
112,11,68,1,AB,6703,1805.00,48.1458,.8152,15.30255,.38820,-1.188,.030,
123,12,11,1,5G,1569,24325.00,35.1442,.2543,22.06474,.43561,.412,.062,
124,12,12,1,5G,5300,7875.00,53.3515,.5579,20.12292,.49668,.076,.034,
127,12,13,1,5G,3290,1805.00,48.9702,.7006,14.79509,.45806,-.604,.043,
126,12,14,0,5G,142,38845.00,25.4241,.2746,17.36159,.44792,.287,.203,
122,12,15,1,5G,6205,1805.00,63.8775,.7120,21.93757,.45286,-.534,.031,
125,12,16,1,5G,5217,10815.00,50.1477,.5833,19.32969,.49306,-.154,.034,
121,12,17,1,5G,5940,3870.00,35.9218,.3419,15.56242,.47439,.597,.032,
128,12,18,1,5G,5373,3520.00,28.6374,.4696,19.56495,.49912,-.005,.033,
121,12,21,1,5G,5925,1805.00,46.7997,.4000,20.49183,.48994,.415,.032,
124,12,22,1,5G,4299,1805.00,47.0101,.3696,19.75113,.48276,.537,.037,
128,12,23,1,5G,3948,12350.00,43.2566,.5618,21.57633,.49623,-.270,.039,
125,12,24,1,5G,6180,1860.00,30.0977,.4880,14.94765,.49990,-.194,.031,
122,12,25,1,5G,6838,1805.00,67.6594,.7727,19.74029,.41909,-.764,.030,
123,12,26,1,5G,4726,14505.00,44.2789,.4706,21.05704,.49919,-.044,.036,
127,12,27,1,5G,5292,1820.00,43.4311,.5797,18.00253,.49365,-.281,.034,
126,12,28,1,5G,4320,7770.00,30.0795,.4898,18.27891,.49995,-.211,.037,
128,12,31,1,5G,4508,1805.00,55.6388,.5535,29.75147,.49719,-.214,.036,
122,12,32,1,5G,6289,1805.00,65.9523,.7820,20.68546,.41292,-.799,.031,
125,12,33,1,5G,4837,15675.00,42.2739,.5679,21.53893,.49542,-.274,.035,
123,12,34,1,5G,2618,20800.00,33.4449,.5218,15.52951,.49962,-.348,.048,
121,12,35,1,5G,7913,1805.00,49.1331,.4677,22.28757,.49899,.167,.028,
127,12,36,1,5G,6558,1805.00,46.3676,.4976,23.11401,.50003,.044,.030,
126,12,37,1,5G,5794,5410.00,39.9630,.5109,20.67963,.49992,-.082,.032,
124,12,38,1,5G,5366,4185.00,20.8527,.2721,17.70380,.44507,.666,.033,
121,12,41,1,5G,6761,5065.00,57.7126,.5613,23.55082,.49626,-.066,.030,
126,12,42,1,5G,6543,2120.00,58.0656,.6463,21.73948,.47814,-.360,.030,
125,12,43,1,5G,3354,5305.00,39.6223,.3521,21.90513,.47770,.492,.042,
124,12,44,1,5G,3494,2405.00,31.5145,.4516,21.16580,.49773,.064,.041,
128,12,45,1,5G,6939,1865.00,61.6969,.6243,29.23952,.48434,-.374,.029,
122,12,46,1,5G,7291,1810.00,65.0190,.8509,17.20750,.35620,-.990,.029,
123,12,47,0,5G,1,13390.00,58.5000,1.0000,,,,,
127,12,48,1,5G,7214,1805.00,36.1828,.5592,17.28749,.49652,-.242,.029,
127,12,51,1,5G,5217,1805.00,66.7135,.7117,20.85471,.45301,-.578,.034,
121,12,52,1,5G,6585,4135.00,50.1806,.4597,22.11247,.49841,.206,.030,
123,12,53,1,5G,2224,25350.00,30.8635,.2621,18.97905,.43990,.629,.052,
128,12,54,1,5G,3769,8050.00,36.7112,.5617,21.45346,.49625,-.307,.040,
125,12,55,1,5G,4620,14735.00,55.5855,.5444,25.52020,.49808,-.082,.036,
126,12,56,1,5G,5412,5705.00,58.2803,.7049,21.78226,.45612,-.598,.033,
122,12,57,1,5G,7048,1805.00,56.1862,.8339,15.48905,.37224,-.968,.029,
124,12,58,1,5G,5596,1820.00,32.1017,.4909,19.38083,.49996,-.052,.033,
125,12,61,1,5G,4405,1835.00,56.9754,.5739,22.52819,.49457,-.138,.037,
128,12,62,1,5G,5582,1810.00,48.5109,.4740,30.77782,.49937,.124,.033,
124,12,63,1,5G,2654,1805.00,48.0163,.5418,18.14710,.49834,-.033,.048,
122,12,64,1,5G,3627,1805.00,48.3456,.8911,12.18973,.31156,-1.357,.041,
126,12,65,1,5G,5486,1895.00,61.4740,.6830,21.52425,.46535,-.373,.033,
121,12,66,1,5G,7579,1805.00,50.7742,.5678,21.41641,.49542,-.226,.028,
123,12,67,1,5G,3952,17460.00,40.9841,.4922,20.35501,.50000,-.094,.039,
127,12,68,1,5G,5111,1805.00,31.6341,.4661,19.23118,.49890,.082,.034,
133,13,11,1,AB,7273,1805.00,61.6931,.7566,19.74227,.42914,-.932,.029,
134,13,12,1,AB,7074,1805.00,79.7219,.9839,9.48802,.12593,-1.461,.029,
137,13,13,1,AB,7248,1820.00,49.0094,.6069,26.08384,.48847,-.410,.029,
136,13,14,1,AB,5942,1810.00,35.7885,.6501,17.14644,.47697,-.527,.032,
132,13,15,1,AB,7253,1805.00,60.8410,.6108,27.09784,.48761,-.240,.029,
135,13,16,1,AB,7158,2850.00,62.1069,.6911,21.76433,.46207,-.593,.029,
131,13,17,1,AB,7378,2450.00,42.0893,.5686,22.80762,.49531,-.315,.029,
138,13,18,0,AB,3,,6.4507,0.0000,3.67530,0.00000,1.060,1.225,
133,13,21,1,AB,7331,2040.00,57.2215,.7015,17.41254,.45761,-.747,.029,
137,13,22,1,AB,7475,1805.00,57.8776,.6017,28.66922,.48957,-.324,.028,
131,13,23,1,AB,7446,1805.00,47.5206,.6301,20.89120,.48280,-.425,.028,
134,13,24,1,AB,7383,1805.00,52.1179,.9935,4.84468,.08037,-.402,.029,
135,13,25,1,AB,7403,1840.00,61.6989,.6225,24.50878,.48481,-.261,.028,
138,13,26,0,AB,,,,,,,,,
136,13,27,1,AB,7500,1820.00,50.8935,.6411,20.78470,.47972,-.372,.028,
132,13,28,1,AB,7219,1805.00,30.4395,.4027,16.57526,.49047,.038,.029,
135,13,31,1,AB,6710,1805.00,65.4275,.7057,24.40662,.45578,-.681,.030,
138,13,32,0,AB,7,19445.00,50.2369,.4286,30.76469,.53452,.361,.794,
134,13,33,1,AB,6710,1895.00,66.5675,.9908,8.40822,.09569,-.833,.030,
132,13,34,1,AB,6785,2065.00,32.6835,.4671,15.93275,.49895,-.077,.030,
136,13,35,1,AB,7074,1805.00,60.0456,.6829,21.20922,.46537,-.635,.029,
131,13,36,1,AB,7022,1805.00,62.8861,.7600,17.17638,.42709,-.389,.029,
133,13,37,1,AB,7003,3500.00,36.2564,.4787,19.53764,.49958,-.096,.029,
137,13,38,1,AB,6140,1805.00,39.8505,.6252,21.50257,.48410,-.517,.031,
138,13,41,0,AB,1,,41.5000,0.0000,,,,,
132,13,42,1,AB,6955,1805.00,62.1500,.7527,19.77982,.43148,-.726,.029,
135,13,43,1,AB,6376,5335.00,45.2444,.5878,21.16999,.49226,-.276,.031,
133,13,44,1,AB,3015,10330.00,26.6288,.3589,15.32737,.47975,.107,.045,
131,13,45,1,AB,7000,1810.00,71.4837,.8624,15.78586,.34447,-.931,.029,
137,13,46,1,AB,7078,1850.00,54.6743,.6341,26.11561,.48172,-.451,.029,
136,13,47,1,AB,7196,1805.00,36.4772,.4981,19.16611,.50003,-.091,.029,
134,13,48,1,AB,6581,1805.00,42.3363,.6972,17.79666,.45952,-.880,.030,
131,13,51,1,AB,7071,1810.00,74.5854,.8671,18.45764,.33953,-1.324,.029,
136,13,52,1,AB,7543,2070.00,49.1675,.5168,21.90787,.49975,-.099,.028,
135,13,53,1,AB,6549,1815.00,49.8847,.6580,22.35094,.47443,-.565,.030,
134,13,54,1,AB,6326,1805.00,42.9176,.7177,17.51320,.45017,-.838,.031,
138,13,55,0,AB,24,2635.00,23.7726,.0833,14.38638,.28233,1.303,.472,
132,13,56,1,AB,7618,2075.00,51.7094,.6154,23.27024,.48654,-.420,.028,
133,13,57,1,AB,7502,1935.00,31.4471,.3576,20.23628,.47934,.404,.028,
137,13,58,1,AB,6878,1850.00,41.7723,.6785,19.38817,.46707,-.663,.030,
138,13,61,0,AB,,,,,,,,,
135,13,62,1,AB,6592,2200.00,59.9851,.6933,21.51006,.46117,-.586,.030,
131,13,63,1,AB,6601,3070.00,42.7861,.5731,17.37126,.49467,-.210,.030,
133,13,64,1,AB,6862,1805.00,40.4240,.6485,14.92278,.47747,-.463,.030,
134,13,65,0,AB,,,,,,,,,
137,13,66,0,AB,,,,,,,,,
136,13,67,0,AB,,,,,,,,,
132,13,68,0,AB,,,,,,,,,
